lat	lon	Emiliania huxleyi	Coccolithus pelagicus	Florisphaera profunda	temperature	si	phosphate	din	irradiance	FID
-64	-170	1130			-0.6315789497	59.4201965278	2.1686510394	30.9645574639	0.1071331886	ANTA
-64	175	96109			1.2333714768	26.2795872332	1.4217918061	24.3556709987	33.0180206299	ANTA
-63	-142	796			-0.5434544972	43.4837864757	1.6832588307	24.9067358697	3.8337122097	ANTA
-63	-142	1180			-0.7697414662	43.9506967232	1.7141573628	25.0915401046	1.2646950786	ANTA
-63	-66	441			1.9308464135	31.7241718652	1.5647919513	23.6417335978	21.402892864	APLR
-63	-66	30988			0.9213123759	37.4103509527	1.8022414254	25.2712203761	4.5008938846	APLR
-63	-66	5812			-0.5355126154	52.3709653756	2.1130441119	30.1512332494	0.7959458957	APLR
-63	172	119403			2.0145568265	23.2168212942	1.5509794539	24.2310961081	33.707485199	ANTA
-62	-170	2906			1.7918004066	18.9581774532	1.4037856069	22.2798173758	19.6695007263	ANTA
-62	-170	2199			1.2234844858	23.8794158668	1.6030463733	24.068922523	3.8828692612	ANTA
-62	-170	846			0.7523853125	35.1763399653	1.9437507873	27.3691583596	0.7665000708	ANTA
-62	-170	8630			0.3428181796	40.0928096051	2.0761720192	29.0366369077	0.0571593511	ANTA
-62	-170	1018			0.7709462217	43.7453943494	2.1413305962	30.6965878732	0.0022274407	ANTA
-62	-140	710			-0.0430030769	41.8824202123	1.791528044	24.8432702336	13.4859124773	ANTA
-62	-140	800			-0.965227091	43.5121371976	1.8397776745	25.2500111642	0.257077597	ANTA
-62	-68	61329			2.7994704088	14.9571884189	1.5814603852	24.717624505	23.6746257949	ANTA
-62	-68	288986			2.9247411155	15.2040863461	1.590307618	25.0949755226	20.4842063527	ANTA
-62	-68	181289			1.8256134019	19.7348059262	1.7304848458	25.7799262038	6.4343887123	ANTA
-62	-68	65706			0.325457066	26.5548518399	1.8539022408	27.7634750424	3.1202356074	ANTA
-62	-68	15749			-0.0870954112	31.9673396297	2.0001867529	29.3582168447	1.5130994848	ANTA
-62	-67	2982			2.6611020102	17.998402654	1.5859584783	24.4241060965	24.312066315	ANTA
-61	-170	104083			2.3596882736	13.6853772435	1.4491412265	22.2991479647	12.0650276633	ANTA
-61	-170	153939			1.8914911514	18.1991543957	1.6400989981	24.0416293659	3.827884103	ANTA
-61	-170	37711			1.4879107454	26.0909972267	1.8735102901	26.2869148011	1.2144768429	ANTA
-61	-170	14251			1.0052095527	30.6728217868	2.0001521314	27.7672469704	0.1222503622	ANTA
-61	-170	17374			1.1055900287	33.4774853717	2.0451147446	29.1076251944	0.0069314852	ANTA
-61	-116	69592			3.2223253446	3.4948965269	1.5695577003	23.0293142865	11.4108029715	ANTA
-61	-116	69387			3.132402649	4.4425606633	1.5835865971	20.6925565977	3.7082549499	ANTA
-61	-116	132744			2.9046000574	7.5434990001	1.6641811068	21.1623203993	1.2050996593	ANTA
-61	-116	77228			2.4026483406	23.1453888782	1.933478872	23.8822599429	0.1272710775	ANTA
-61	-69	216317.666666667			3.7091922233	5.978959928	1.5624256319	24.0724590594	25.1950128638	ANTA
-61	-68	236584			3.6560957897	8.2039720263	1.5886823191	24.5810437633	21.763966186	ANTA
-61	-68	76776			2.6356678363	11.7077096312	1.6766470073	24.8703859057	6.8090865951	ANTA
-61	-68	86127			0.6456638352	22.216991784	1.922503726	28.193934734	1.5932259667	ANTA
-61	-68	5072			1.2971771201	36.6311367493	2.1401859766	31.6799718404	0.1803267493	ANTA
-61	174	86970			4.0515624113	2.0793411391	1.5063980777	18.3682359091	33.7179908752	ANTA
-60	-172	312074			3.5082273174	7.3751953176	1.4569152595	21.8071553826	19.4398315751	ANTA
-60	-172	269940			3.3555227947	8.1793076515	1.4880835864	22.0339577693	9.8929780486	ANTA
-60	-172	351038			2.911735957	11.0356290285	1.6220698562	23.5183234669	2.5621003775	ANTA
-60	-172	113604			2.4755240955	15.9174312412	1.7943787483	25.0367270779	0.6635371384	ANTA
-60	-172	2669			2.0825274074	17.6980535498	1.8483656426	25.4174358432	0.1718439831	ANTA
-60	-172	10273			1.9436895566	18.6636562742	1.9087813344	25.8470370355	0.0445044487	ANTA
-60	-172	10724			1.7197747725	20.7539893732	1.8917240658	27.0185382613	0.0015190643	ANTA
-60	-69	272981			4.6249537259	2.2965130034	1.5070894422	22.7424116443	25.2312831092	ANTA
-60	-69	70835			4.6832553436	2.5820876724	1.5381313631	23.4330434516	21.5868498069	ANTA
-60	-69	48459			4.6304847074	3.3831610178	1.5440833116	23.380451253	15.8011660268	ANTA
-60	-69	286268			3.8941824575	4.8509171878	1.585410838	23.6101968906	6.1971033033	ANTA
-60	-69	197742			2.6055683317	9.353632009	1.7110445149	25.1907111733	2.8407852339	ANTA
-60	-69	35585			1.9786238507	12.1434535732	1.8088170703	26.363028119	1.3022311151	ANTA
-60	-56	7312			2.3214879863	34.1388492336	1.6328696408	24.1145581223	21.6403820895	APLR
-60	-56	1383			0.4188048569	50.4547119283	1.9605388775	26.7852859642	1.1163426679	APLR
-60	-56	5847			0.1131241095	56.2821167865	2.0638952738	27.619152818	0.3872467115	APLR
-60	-34	102950			0.8405022959	59.0735747802	1.6791253845	20.3551130374	10.2835712776	ANTA
-59	-173	143669			4.2202880039	5.0451896567	1.4798612167	21.3912007661	20.7854030592	ANTA
-59	-173	160748			4.1085018748	5.8747982488	1.5110795097	21.6512355769	10.9381047241	ANTA
-59	-173	196497			3.7239904952	7.2063487709	1.5945061384	22.8187902285	3.0290701431	ANTA
-59	-173	136050			3.292237646	10.0459013155	1.724023669	23.8445071789	0.8388350782	ANTA
-59	-173	51365			2.9253236376	11.1165207495	1.7527040878	23.977931416	0.2322971259	ANTA
-59	-173	6415			2.7926697866	11.5744987805	1.8279966275	24.3324014984	0.0643296354	ANTA
-59	-173	7343			2.460988021	12.9374955968	1.7751977065	25.3928788076	0.0025961467	ANTA
-59	-136	119721			1.900125687	24.5280967223	1.8198348404	24.3310512252	12.0485902625	ANTA
-59	-136	125799			1.7165826086	24.5043428061	1.7874235622	24.9215191982	4.0428494023	ANTA
-59	-136	118219			1.5849196748	23.1523916728	1.7683045896	25.1454696505	1.7823831192	ANTA
-59	-136	3962			1.0520934541	28.7495508152	1.8556072626	25.0847101938	0.1527360481	ANTA
-59	-69	232522			5.6433398547	0.7066705908	1.4243490186	21.0411344224	25.3034252369	ANTA
-59	-69	430167			5.6695368313	0.9672867422	1.4570973446	21.7455039386	21.6323422417	ANTA
-59	-69	271232			5.0730251522	2.2204628643	1.4921170109	21.9465227054	6.1730158803	ANTA
-59	-69	150140			4.0208782704	5.3544211574	1.618268255	23.2747282342	2.8191523733	ANTA
-59	-69	13834			3.3471661986	7.0560553731	1.7019333301	24.4220157171	1.2874776702	ANTA
-59	-57	49062.5			3.3479892507	18.5786826136	1.5726886134	23.8203677664	22.8998935525	ANTA
-59	-57	676			2.3780825262	26.8179514582	1.7221289935	24.8041257548	3.1617782917	ANTA
-59	-57	105526			0.6191699711	41.6675294849	2.0109463651	27.4067825272	0.3503359385	ANTA
-59	174	138620			5.7491958373	0.1002195639	1.4559651931	14.921047167	36.3985137939	ANTA
-58	-175	71396			4.9247452674	3.7902067975	1.4948973371	20.6014266666	13.2666380724	ANTA
-58	-175	76434			4.6155809817	3.7117743297	1.5255281536	21.5830559211	4.3546948847	ANTA
-58	-175	65378			4.1957225317	4.9912851532	1.6223470011	22.0108643697	1.4294026441	ANTA
-58	-175	83536			3.8509916695	5.6499104229	1.6336402921	22.050592877	0.4691928994	ANTA
-58	-175	2560			3.4214965057	6.6085394115	1.6217753723	23.4577880122	0.0095069324	ANTA
-58	-152	982			1.2068323625	41.5005790469	1.8689919235	25.4278573848	2.0736219641	ANTA
-58	-152	1022			0.5717051585	50.4088610904	1.7824374871	27.0043591731	0.2915066576	ANTA
-58	-136	266969			2.6875652684	19.4453052673	1.761727466	23.0086187361	11.5980351772	ANTA
-58	-136	301837			2.5080990296	19.7238502609	1.7541773637	23.6414435375	3.6686929022	ANTA
-58	-136	155025			2.3887108205	18.7548570779	1.7355939561	24.1057624995	1.5474141465	ANTA
-58	-136	9644			1.8542612725	25.1217677652	1.8291368906	24.3738332998	0.1161160284	ANTA
-58	-136	1975			1.554374015	31.0357871324	1.816440665	26.3418590147	0.0065344572	ANTA
-58	-92	56701			5.3174706161	5.2709413278	1.3148073063	21.2233884927	22.715844161	ANTA
-58	-92	22423			5.2889583995	5.0636266816	1.3309899695	21.2388619997	12.2688617855	ANTA
-58	-92	24962			5.1348917621	5.206797519	1.3892328814	21.4761014891	3.5789452993	ANTA
-58	-92	36883			5.03483382	7.4892834675	1.4896921258	21.9002503811	1.0440128578	ANTA
-58	-92	25431			4.9949286177	10.0500157266	1.4848633093	21.8333229502	0.4143992277	ANTA
-58	-92	2376			4.7277788153	8.7622539147	1.4763598462	21.9369125626	0.088839769	ANTA
-58	-92	38520			4.4654610038	15.8267040968	1.5373565892	23.8369576516	0.0040830471	ANTA
-58	-69	65490.5			6.721225378	0.4503875177	1.3281381945	19.153853893	25.1581072869	ANTA
-58	-69	39478			6.3784177612	0.9019215298	1.3715920808	19.9862353222	5.8543316515	ANTA
-58	-69	70407			5.6158879067	2.2050724687	1.4896415918	20.9791199442	2.6043490283	ANTA
-58	-69	28002			4.9056540681	2.9725230849	1.5722415308	22.1312252736	1.1585667272	ANTA
-58	-58	137401			4.3722999642	8.2711790439	1.5022424608	23.076593799	24.6015697227	ANTA
-58	-57	30137			4.1935945035	10.7254058172	1.512002793	23.5061367419	24.2730438575	ANTA
-58	-57	7403			3.2951606604	17.2074359372	1.6413473232	24.2440535901	4.2541142334	ANTA
-58	-57	32447			1.4207625558	30.5835641007	1.9089026551	26.672183633	0.6144110875	ANTA
-58	174	33903			6.4085846004	0.2045488133	1.4021447612	14.6442856735	37.3550071716	ANTA
-57	-153	153684			3.0712887853	31.3132342995	1.8123462229	23.2055755299	11.7966026668	SANT
-57	-153	72857			2.7748882173	27.5442005441	1.866585443	23.5539348372	3.5317975448	SANT
-57	-153	76161			2.2875981775	29.5007725942	1.8817377886	23.9033230045	1.0573886609	SANT
-57	-153	10479			1.6536564806	39.0245808994	1.7638966623	25.8845036393	0.0947790488	SANT
-57	-153	6254			1.526518206	37.7147741488	1.9206556524	27.1041188891	0.004648464	SANT
-57	-116	482393			5.5971756169	2.6366962391	1.4166670219	20.4794303218	15.6293379688	SANT
-57	-116	313550			5.5018247442	6.2433603473	1.4856452138	20.4879167344	6.2410855931	SANT
-57	-116	371436			5.2344405868	7.0070916432	1.4846948708	20.8093020273	2.4921816559	SANT
-57	-116	113354			4.7628816472	10.7988542502	1.6336143626	21.8196105082	0.3973917141	SANT
-57	-97	29807			5.8643190167	5.1402227524	1.3880847433	20.6743575933	24.9990587474	SANT
-57	-97	62054			5.8427212491	4.654348605	1.3905360369	20.6687431192	15.0719997061	SANT
-57	-97	70976			5.6218073239	4.8678565014	1.4118143393	20.930183082	5.4785460527	SANT
-57	-97	33314			5.423749936	6.5634197187	1.4859762165	21.4148907895	1.9914057482	SANT
-57	-97	8444			5.0763616441	9.4923641471	1.4814403965	21.1094631646	0.2631168346	SANT
-57	-58	187686.5			5.2247853721	4.3221243469	1.4269675604	22.0808629827	25.3690757472	SANT
-57	-58	260498			5.199815001	5.0128885658	1.4158597211	21.3938268771	21.4565701804	SANT
-57	-58	141846			4.444548527	8.3330371476	1.532049506	22.5757095064	5.6183081024	SANT
-57	-58	135538			2.6758112467	18.5000986452	1.7691048781	25.0668634844	1.0523546265	SANT
-57	57	144150			2.3731493294	21.147598041	1.746644758	25.4948689369	14.9987062099	ANTA
-57	57	275723			2.389240054	21.4316485972	1.7256409363	25.8774879621	7.7831816582	ANTA
-57	57	20409			2.1899556218	21.5055802272	1.7392466276	25.7952609179	4.0388761455	ANTA
-57	57	124495			1.7382305241	34.4751046942	1.7877470134	25.9312872741	2.0958678899	ANTA
-57	57	1485			0.8283563189	32.3547875806	1.8791283216	27.2214724756	0.78346384	ANTA
-56	-59	85562.6666666667			6.1886000615	2.0741657445	1.3507660106	19.9920109851	26.1138807976	SANT
-56	-59	2111			5.5499037135	4.0850991703	1.4425130238	20.4981247655	4.3069164327	SANT
-56	-59	457			4.0525399902	10.3784306402	1.6503292101	23.2561866213	0.5814257395	SANT
-56	-58	82359			6.0388441932	2.9701469936	1.3368908456	19.8545310879	21.8565853194	SANT
-56	174	42824.5			7.4286488919	1.1752206228	1.239540225	15.8771574216	40.1300430298	SANT
-55	-155	388761			5.5348076769	14.9478156395	1.608343358	19.3171781058	13.4141089046	SANT
-55	-155	33277			5.1800041575	8.8558367403	1.6938829762	19.7200445231	2.5454391118	SANT
-55	-155	15531			4.8205514788	16.2841313749	1.8047096234	22.4360558267	1.1088253736	SANT
-55	-155	5311			4.3391740209	17.7078520386	1.5876371276	22.4668423663	0.1595012857	SANT
-55	-155	1301			3.9439291746	16.4861164028	1.7192329111	22.9698475121	0.0099946056	SANT
-55	-126	17783			6.6278784662	3.1041574596	1.2259063397	17.1415140569	20.7271740397	SANT
-55	-126	31105			6.5469739725	3.0753891749	1.2270404151	17.168613958	11.4437402638	SANT
-55	-126	36204			6.3338157998	3.208987246	1.2384391682	17.2822277318	3.4883800038	SANT
-55	-126	11930			6.0281671554	3.4602681631	1.2602212464	17.471304252	1.0633582003	SANT
-55	-126	1851			5.5154452375	4.1257855482	1.3096030804	17.8436050618	0.098807788	SANT
-55	-81	60425			6.6303516333	3.2528321926	1.3510813759	18.5388290971	28.150713033	SANT
-55	-81	30421			6.5683595517	3.4020878623	1.3320049526	18.5767689056	17.9227185661	SANT
-55	-81	52838			6.556958597	3.3611812415	1.3537713415	18.6402316882	7.2649537956	SANT
-55	-81	16756			6.0324661372	5.6323114871	1.5151733293	20.0334534756	1.4960067612	SANT
-55	74	131500			2.606710993	10.1720799401	1.6961349771	25.1921773896	9.4693648473	ANTA
-55	88	105740			3.2367716797	13.6952687499	1.5068626015	24.145062206	10.6131175969	ANTA
-54	-119	146078			6.9130466167	1.3640199256	1.2284380623	17.4483024141	15.1824262468	SANT
-54	-119	138983			6.6022878166	2.3626068931	1.2759017257	17.6512125807	5.4746857937	SANT
-54	-119	124264			6.1958756456	3.4926719779	1.3113574821	17.9468981168	1.9741366797	SANT
-54	-119	3298			5.6909599296	5.5360856103	1.4363541936	18.9043542499	0.2566925448	SANT
-54	-18	28160			2.9591301899	0.7451840959	1.3258192969	19.6367609123	15.0128102794	ANTA
-54	174	52678			8.2521947171	2.0235210169	1.051613079	15.7578046346	42.277507782	SANT
-53	-180	140196			7.8183020303	2.835536376	1.1367005632	12.6857534756	16.2603151956	SANT
-53	-180	185490			7.4587158247	2.9819733437	1.1925954654	14.8897207348	4.5607045142	SANT
-53	-180	204541			7.1829949667	3.2740820391	1.2131983903	13.6435089495	2.1270305165	SANT
-53	-180	18537			6.606609062	2.3881430205	1.1148767581	14.2549200501	0.2782393062	SANT
-53	-180	1866			6.3037794278	4.0019485307	1.0987803285	14.9838751848	0.021888925	SANT
-53	57	325144			3.7749212913	9.4526202539	1.6313748261	23.9226994057	13.8488981196	SANT
-53	57	314328			3.7510779785	9.5779242512	1.5778491389	24.2634683382	6.4379224827	SANT
-53	57	63409			3.7139868746	11.7253681948	1.6128768091	24.7307100465	2.9927901509	SANT
-53	57	153371			3.6532630229	19.7551358919	1.6461031303	25.0295632208	1.3912551621	SANT
-53	57	61914			2.7819107481	16.0337073362	1.7933059901	25.6422742134	0.4409634289	SANT
-52	-38	564690			4.1915979783	3.5273775681	1.3203036116	19.6135470685	13.6146928919	SANT
-52	175	8866			8.9709512927	2.1315340904	0.7936395754	14.1490668817	43.3835258484	SANT
-51	-11	75830			3.7796695424	2.3240030323	1.2676438028	22.3482371539	15.9227785195	SANT
-50	2	42117			4.2787765839	12.8766557166	1.5229048468	22.3241126785	17.8749310811	SANT
-50	2	29248			4.708252687	6.0630380881	1.4361102284	21.2686539407	13.304118482	SANT
-50	2	50306			4.2506915321	12.9297986507	1.5295991146	22.2832292518	10.8905847455	SANT
-50	2	38607			4.6692009355	6.2005853091	1.4342699641	21.1638862962	8.5554807179	SANT
-50	2	40947			4.1666641891	12.8655356289	1.5333267882	22.2312591859	4.0426379123	SANT
-50	2	43286.5			4.6259512139	6.7532500451	1.4321095388	21.2041103366	3.5380261839	SANT
-50	2	22228.5			4.05074763	11.8504485618	1.5278813986	22.0752741108	1.500646813	SANT
-50	2	32757.5			4.582957491	7.1461773854	1.4392989357	21.4653114913	1.4631123242	SANT
-50	2	29248			4.0088321195	13.0555445477	1.5604337622	22.6688162282	0.55704738	SANT
-50	2	53816			4.312336379	8.5403881629	1.521643985	22.0396706433	0.6050542201	SANT
-50	2	21058.5			3.2672745565	15.3518949088	1.5853459877	23.0677397853	0.2067786909	SANT
-50	2	32757.5			3.6770557122	12.0508364522	1.635963453	23.3981222238	0.250213605	SANT
-50	2	5849.5			2.0051689607	25.8027591406	1.9015799635	26.9092013333	0.0173596073	SANT
-50	2	4679.5			2.3208247155	22.9434221368	1.8893060309	28.1758259871	0.0275170888	SANT
-50	94	79840			6.1577685935	2.7458898778	1.4053992403	18.8147617897	9.7542946568	SANT
-49	-56	87.754			5.4649501387	5.1056040259	1.4941962219	16.690992878	23.4628019284	SSTC
-49	-56	51.442			5.2640884176	5.796388215	1.5580048082	16.0508336047	1.0821335485	SSTC
-49	-56	45.39			4.8968485361	6.284860939	1.6602170455	17.2229301455	0.0321595943	SSTC
-49	2	330930			4.1782882273	10.9309783793	1.5763504225	22.4195827724	21.0531402508	SANT
-49	2	124501			4.1432615879	7.1121576272	1.4988281976	21.1871371623	11.6412283132	SANT
-49	2	86018			4.1097768274	7.9209569473	1.4892177865	20.7002263355	3.5592840911	SANT
-49	2	23715			4.0303136226	7.7792790262	1.5041540698	20.8704919797	1.0882445478	SANT
-49	2	2365			3.475617686	9.9189308966	1.5726161173	21.7650068919	0.101731206	SANT
-49	57	739307			5.8548773867	4.0362959974	1.5513864305	20.4780718032	14.4672440734	SANT
-49	57	167354			5.7130668031	3.8544261457	1.5369806182	21.2342368026	6.4745983041	SANT
-49	57	136525			5.515696269	4.961204735	1.5428708294	22.4640113449	2.8976094539	SANT
-49	57	109476			5.1724442045	6.9464319759	1.8182911511	23.5336868316	1.2967816926	SANT
-49	57	97323			4.0651276531	11.9427449168	1.8053885806	25.5925862088	0.3882463682	SANT
-48	-56	81.702			9.6996315114	1.6517378563	1.0054822527	11.7116250175	14.2512338856	SSTC
-48	-56	49.929			9.0201662745	2.3510248613	1.1215679719	16.7255805555	1.3820706265	SSTC
-48	-56	48.42			8.1553774232	3.7362019179	1.20984644	17.6353615028	0.8229008652	SSTC
-48	64	11280			6.4887247644	4.3936861401	1.3369830872	20.9278710683	12.7431544916	SANT
-48	174	40947			11.6520203866	1.2928328768	0.5040981886	9.2071744439	46.3700408936	NEWZ
-47	-57	166.43			6.3413442151	4.1324703591	1.2855028294	17.2208983349	39.0450325012	SSTC
-47	-57	113.475			6.0120117191	5.4486247723	1.3035730161	16.400234235	3.775253658	SSTC
-47	-57				5.9357566377	6.0138133096	1.326068873	17.0804279318	2.7039613061	SSTC
-47	-4	62500			6.8004811503	5.1791238882	1.1972505471	20.1253330237	16.1259588965	SANT
-47	57	138260			7.9514001939	2.6396215775	1.4164941259	15.1715053032	16.8736728966	SANT
-47	173	71839			12.3284584102	1.5083044188	0.5334047453	7.8334782511	48.2775230408	NEWZ
-46	-49	18850			13.6674453158	1.4254414465	0.4499674661	3.9782544496	22.946330939	SANT
-46	2	125142			6.9206494303	6.755646473	1.3042973814	19.4485545859	22.2681980929	SANT
-46	2	134104			6.8686372709	4.878585731	1.2850052404	17.5508504658	11.4518952262	SANT
-46	2	432740			6.8135764658	4.3827802572	1.2901199448	17.5348833386	3.0287396699	SANT
-46	2	186104			6.7769323002	4.5424662943	1.3123091757	17.7655299994	0.8010258395	SANT
-46	2	2619			6.262262009	4.872440918	1.3457073248	18.8312450711	0.0560293631	SANT
-46	57	361515			9.3318578244	1.7575663292	1.3109232945	12.1116540092	13.1008777023	SANT
-46	57	49002			9.0118472694	1.6270072334	1.3398122243	12.5823253381	4.8533977841	SANT
-46	57	21691			8.3701478515	2.3334015457	1.3931177755	14.4532451929	1.798007018	SANT
-46	57	34555			7.4902835008	3.0202557552	1.7358785728	16.6240092751	0.6660960796	SANT
-46	57	11135			6.3114393602	7.0507894817	1.6746646693	18.8253345009	0.1501948772	SANT
-45	-22	27183			11.0705471987	1.0010495028	0.7387293014	8.5002523531	27.5543042793	SSTC
-45	-22	16084			10.9005746187	1.0961317117	0.6756912471	9.3752660315	11.0691125409	SSTC
-45	-22	12074			10.4374120406	1.3481713913	0.7196343396	10.530661428	1.7863210214	SSTC
-45	-22	1209			8.2007258378	2.6766970149	1.0747720761	15.2667063518	0.0854484165	SSTC
-45	-22	143			7.2108635715	5.0779367784	1.2796598595	18.7244436126	0.0040874131	SSTC
-45	-14	35034			9.8100949897	1.1987702921	0.9828507525	12.858155032	28.7701312142	SANT
-45	-14	31473			9.7082279405	0.3520040484	0.7319401389	9.9522403717	13.1390442364	SANT
-45	-14	33353			9.3302269788	0.3364246632	0.7288349516	10.1086452484	2.7403601234	SANT
-45	-14	210			7.4196379312	1.9953567413	0.9898430011	13.2337423156	0.2010083413	SANT
-45	-14				6.3333276574	4.4684733748	1.2044313494	16.8276029785	0.0147441765	SANT
-45	5	426690			7.4746769612	4.9163281527	1.2431592664	19.7041188827	21.7234599184	SSTC
-45	5	477189			7.408761622	3.0221248941	1.2711352133	17.9869554473	10.80918743	SSTC
-45	5	166000			7.3059015954	2.868732345	1.2892965043	18.183351017	2.6762159125	SSTC
-45	5	1806			7.2076198419	2.7745583403	1.2861537449	17.8862588956	0.6625966713	SSTC
-45	5	2837			6.6456171972	2.851906604	1.2972345389	18.04889844	0.0406167764	SSTC
-45	5	1892			6.1851348444	3.6087291398	1.3185374768	17.6261000162	0.0012388699	SSTC
-45	57	19258			10.8950617471	0.8826302776	1.1814588224	8.6332471586	14.8865216349	SANT
-45	57	32710			10.5233011155	0.7852328078	1.2208188106	8.902697383	5.9444306574	SANT
-45	57	38684			9.810453003	1.9367040716	1.2912709291	11.1542799308	2.3737080231	SANT
-45	57	33047			8.853416004	2.1660394753	1.5742086284	13.6200810865	0.947860292	SANT
-45	57	17360			7.6607014865	5.3884496921	1.5355760185	15.4856056074	0.2391772558	SANT
-45	100	106700			10.5229492138	1.9599969488	0.8604295561	10.6817885102	10.4341308448	SANT
-44	-56	323.782			8.0330756806	5.5790375714	1.046685705	17.8505801757	26.8978586119	SSTC
-44	-56	199.716			7.7163096495	4.7580900554	0.9818239954	15.1327783426	3.3020687632	SSTC
-44	-56	95.319			7.243251752	5.5300441011	1.0688084776	13.4672339361	0.616652985	SSTC
-44	-55	112.7185			13.7845010819	1.5206598336	0.4086200735	9.0123227113	15.0476640329	SSTC
-44	-55	36.32			13.3568119363	1.8751870185	0.5023813062	14.1073979559	2.2506475698	SSTC
-44	-55	33.286			12.1579326581	1.6767510598	0.7209742137	18.6609528219	0.4922414938	SSTC
-44	57	15022			12.5075976877	0.3132419776	1.0289196323	5.4357657525	12.1484891123	SANT
-44	57	34367			12.1180520001	0.2724736492	1.0708878058	5.5323850448	3.873689031	SANT
-44	57	34524			11.4227751244	1.8015003245	1.1484414066	8.1080948021	1.2351714333	SANT
-44	57	28645			10.4703144109	1.645733142	1.343773151	10.686660939	0.3938489789	SANT
-44	57	2916			9.2562612628	3.968100873	1.3281533151	12.2936397953	0.0709142398	SANT
-43	-55	86.241			8.9935660768	2.6018305021	0.7930063626	10.3810478225	40.4969978333	SSTC
-43	-55	89.267			8.7682361016	3.6237080589	0.8545377967	13.6308223768	5.0783493796	SSTC
-43	3	9740			11.2597473032	0.9015184118	0.8383920499	9.9521709153	15.7754097416	SSTC
-43	113	98920			12.394594363	2.5744753072	0.7467419884	8.8685816751	23.2831628255	SSTC
-42	-42	116185		2549	13.2914710306	1.8813675126	0.4228831772	2.0800810639	7.1875727333	SSTC
-42	-42	62052		2253	13.2773191658	1.9261939221	0.4321300207	2.0802470859	3.716766183	SSTC
-42	-42	77291		1840	13.1918791573	2.136497657	0.3964204244	2.7690576479	1.3821008176	SSTC
-42	-42	66720		2383	12.7638437431	1.9250416387	0.7160531851	6.6183581393	0.1911123222	SSTC
-42	-42	17653		2965	12.0618332297	2.430768781	0.4407297019	9.0809833741	0.0710662129	SSTC
-42	57	12635			15.3929790665	0.1453848349	0.6777240722	1.2972507544	13.3434585274	SANT
-42	57	82101			15.0383280711	0.1792723396	0.7032551527	1.2680925775	4.4683969811	SANT
-42	57	21179			14.4977959355	1.8088498669	0.7581712916	3.5792194059	1.496356551	SANT
-42	57	16992			13.6616976051	1.7068579049	0.7951661377	5.8856832271	0.5010931073	SANT
-42	57	18809			12.4694114886	2.4610711059	0.8009767363	7.7884522047	0.0971054127	SANT
-41	-46	6030			17.2488296651	1.1250282968	0.2998412874	0.6242069071	30.9046369109	SATL
-41	43	29080			15.9819626577	1.1076398542	0.3524550018	3.3259467125	10.4895171003	SSTC
-41	105	26540			14.061003621	0.8783098126	0.4716610666	3.9447528295	15.6384884093	SSTC
-41	109	98490			14.5007546962	1.1749360979	0.5439944141	5.4311467213	15.2733514831	SSTC
-41	142				16.0424194805	0.8558819979	0.2595996673	2.5427523842	33.556476593	SSTC
-41	142				15.9166732935	0.7658952336	0.3170664971	3.4442266753	9.0316422136	SSTC
-41	142				13.6802121918	1.132195365	0.5024364218	5.8181455713	0.8506470345	SSTC
-40	-54	54.46			15.9242112543	0.8061655305	0.189274786	5.1926795006	18.4580836682	BRAZ
-40	-54	78.68			13.451377731	2.6287173244	0.4738677691	11.4839683108	0.7228866755	BRAZ
-40	-19	11842			16.3642333913	1.1275857524	0.363277559	1.5949885381	29.5399973642	SSTC
-40	-19	12003			16.2265824134	0.9385960295	0.3192334709	2.002422514	11.3787577432	SSTC
-40	-19	22578			14.6705964743	1.3247077098	0.3854348624	4.0334501367	1.6883545376	SSTC
-40	-19	2475			12.5364812148	2.6988142824	0.7347377975	8.7942040962	0.0702120488	SSTC
-40	9				14.2369030406	1.7094383784	0.4648059756	1.9853786645	21.4544053626	SSTC
-40	57	89492			16.6731577443	1.3822024073	0.2510913297	1.1455783266	17.8730207963	SSTC
-40	57	11401			16.4005003499	1.0781242312	0.2570658138	1.5245244394	6.1490217052	SSTC
-40	57	4462			16.0123951506	1.8962042256	0.3025220761	3.5328836343	2.1155051719	SSTC
-40	57	14099			15.6503440343	2.503982208	0.3318527829	5.9579586687	0.7278169352	SSTC
-40	57	13910			15.2660384354	2.7099044033	0.4176200747	6.0558168824	0.1468703923	SSTC
-40	135				16.2915794811	3.1464377324	0.320637354	0.5991313188	33.0044784546	SSTC
-40	135				13.825878261	2.9353935817	0.4254017711	2.8863722317	0.8634240778	SSTC
-40	138				16.4042042164	2.0912481195	0.3237654831	1.9219520951	33.3190765381	SSTC
-40	138				16.2450165785	1.677157979	0.4033719842	2.4527452942	8.1224597289	SSTC
-40	138				14.8452609154	1.9032773729	0.4285488271	3.4433296605	1.9800774482	SSTC
-39	-75	6985			16.3894301018	3.9057711342	0.2059036188	0.3939518867	58.3625106812	CHIL
-39	-75	52827		523	11.5903906018	3.4794341751	0.7242641446	3.3544697254	20.9465255737	CHIL
-39	-75	40639			15.2572823599	3.1947227531	1.0403847136	5.4957749745	10.5989351364	CHIL
-39	-75	14923			13.8591022867	1.8587332402	0.7396557848	4.8571870969	7.2034367125	CHIL
-39	-75	37966			15.1435055434	2.7051858074	0.945065858	5.6583296667	4.3070887429	CHIL
-39	-75	10963			13.8183391134	1.9442535791	0.7925924946	6.281176389	3.1394873525	CHIL
-39	-75	7105			13.7537438008	1.983228494	0.8366406563	7.1339523083	2.0726130784	CHIL
-39	-75	33632			14.1365802819	3.9756538342	1.291266207	9.0100570428	0.7112577168	CHIL
-39	-75	7773			13.4258202696	2.4240623381	1.2161904016	11.7806060645	0.5963438209	CHIL
-39	-75	6970			13.1504192705	2.8815411921	1.3126488442	12.9042987224	0.3936916648	CHIL
-39	-75	35461		149	12.1340380478	6.390534409	1.5020552769	10.6668248646	0.1174546358	CHIL
-39	-75	1706			12.1175667428	4.6196500148	1.5814185683	14.5399001993	0.1132751666	CHIL
-39	-75	11510		99	11.6402227675	4.2736113182	1.6532614439	13.9491314761	0.0747815058	CHIL
-39	-75	4890			10.5942935583	16.3120667257	2.3750807025	10.3448747499	0.0032029968	CHIL
-39	-75	4129			10.3847628477	8.7532437579	1.9211593471	12.9774709155	0.0040870569	CHIL
-39	-75	4564			10.3273221894	9.3789660899	1.8907031564	13.1835675834	0.0026981754	CHIL
-39	-75	1586			10.0272149209	14.279858946	1.8240124497	14.0821428955	0.0001474642	CHIL
-39	-75	1773			9.8948580434	21.3070755172	1.9787278497	18.1185496934	1.44240101485908e-05	CHIL
-39	-52	378.25			14.0012860409	2.3810344754	0.4395606593	3.226674319	41.3645515442	SATL
-39	-52	304.113			13.6301576617	1.8359799646	0.6310573082	4.6679283563	5.2654566626	SATL
-39	-22	7757			17.5001248405	1.199667061	0.2814802237	0.7013789716	33.4494704062	SSTC
-39	-22	7622			17.2735825636	1.0562416916	0.2277959639	0.7457835411	16.6146825184	SSTC
-39	-22	13139		411	15.5185922308	1.2607035026	0.302452191	2.2271266734	4.0991862253	SSTC
-39	-22	1583			13.3896220566	2.7787562338	0.6511457984	7.3951000288	0.3978386613	SSTC
-39	-22	359			12.8641256859	3.4604616816	0.7343570806	9.4792115855	0.0386114687	SSTC
-39	131				16.7316035631	2.798460599	0.2670402764	0.0564009058	33.6194801331	SSTC
-39	131				16.4697000501	2.4739174721	0.2354947808	0.0921628233	5.5240896011	SSTC
-39	131				14.2959005484	2.7145081539	0.2377170704	1.2509586989	1.4256502835	SSTC
-39	150				20.0298209947	1.4364794242	0.1821186175	0.4396124253	37.9465408325	AUSE
-39	150				19.5586677455	1.9043453325	0.1827246773	0.328223618	9.0040185733	AUSE
-39	150				18.1397676746	2.3995371175	0.2769750993	2.2420613366	2.1364885623	AUSE
-38	-75	8747			16.4433228333	2.8748192319	0.4024735268	3.1742449141	17.3838765695	CHIL
-38	-75	11101			16.1850342758	7.3205382832	0.4069433069	5.5463219501	7.5047840861	CHIL
-38	-75	2627			14.8835757262	10.2220665754	0.837517582	13.1011225605	1.3986896032	CHIL
-38	-75	611			11.1641549386	21.6403810822	1.4858080313	15.7078996704	0.0485833699	CHIL
-38	-75	1683			10.2908870768	29.5646213098	1.4162418779	18.3066240986	0.0016875394	CHIL
-38	-75	2579			9.8665695662	27.7909930206	1.7285856601	23.358893013	5.86165447385357e-05	CHIL
-38	-53	21.182			13.7702736369	2.8345877579	0.5855437085	3.2290560374	24.0863994627	SATL
-38	-53	21.182			12.9192050038	2.6697994959	0.7830213096	6.8711709311	0.520686679	SATL
-38	-53	63.546			12.4428612567	2.6596042811	0.8731097767	6.2609090326	0.0582151778	SATL
-38	39	17150			20.1488947028	4.7206300417	0.2053756793	0.0540237636	27.5444772884	SSTC
-38	124				17.2847267601	1.5559631289	0.3287713959	0.2143572936	35.8490219116	SSTC
-38	124				17.1624041196	2.5797612828	0.29333355	0.0849091967	8.3296543241	SSTC
-38	124				14.7667575566	2.7747258877	0.2828280718	0.4573543773	1.5711823764	SSTC
-38	127				17.3501144853	1.4105158191	0.2826317526	0.05	34.8270797729	SSTC
-38	127				17.2042193223	1.8963455925	0.2414381462	0.0519618244	8.0076479902	SSTC
-38	127				15.7716828142	2.1280933473	0.2054864146	0.6487390908	2.2714051877	SSTC
-37	-75	5649			16.4204316905	3.1764669766	0.3091884656	0.2798869642	60.5505523682	CHIL
-37	-75	55660			16.1956806009	0.9960348851	0.2987044538	0.2732037934	26.7751286754	CHIL
-37	-75	38207			15.5790624763	2.3008137221	0.2658877512	0.462961708	7.8732084987	CHIL
-37	-75	17165			14.4266863424	4.3674248568	0.714117836	10.183203065	2.3151116402	CHIL
-37	-75	5912			13.3783437605	5.880045246	0.9297697075	14.0727577253	1.0237299189	CHIL
-37	-75	6722		49	11.5953812166	13.5048472057	1.2024340869	18.3245316817	0.0885168128	CHIL
-37	-75	4551			10.7830857059	19.7240580281	1.8719209618	20.9730291624	0.0033843837	CHIL
-37	-50	22.68			20.0703155788	1.3611113245	0.0247782638	0.6812810325	22.224869329	SATL
-37	-50	39.34			18.683197902	1.5656382279	0.2754300492	1.8904046176	0.8044980622	SATL
-37	-15	68615			19.1077249204	0.906363363	0.1934809108	0.5459668521	22.2998699963	SATL
-37	-15	128185			17.7092100851	1.1965625925	0.2427155847	1.6521352492	10.9089339494	SATL
-37	-15	106475			15.9827486001	1.5323632092	0.3188492645	3.3910548349	5.3365710173	SATL
-37	-15	74575		4190	14.9094952447	1.6719165267	0.4036496487	4.4114475296	2.6106116652	SATL
-37	-15	66485			14.1743815228	1.9716796421	0.4677985368	5.3277895772	1.2770922085	SATL
-37	120				18.2814458467	1.8528827895	0.2215309871	0.6969666999	36.3850402832	AUSW
-37	120				14.3459928689	1.6574321362	0.2486320715	3.6827438394	0.8984479606	AUSW
-36	-50	49.929			20.806643625	2.1658907244	0.0582848134	0.5918900961	23.1642227241	SATL
-36	-50	178.534			17.4266270736	2.5451677742	0.2953455259	0.6782967229	30.6886750769	SATL
-36	-50	63.546			20.7009515501	2.2852978827	0.0988825414	0.4031553492	12.6842535034	SATL
-36	-50	211.82			17.2702150415	2.0621321529	0.3321797055	1.4532531834	5.6981992975	SATL
-36	-50	51.442			17.0510161797	1.7059230879	0.3937106725	2.0699223368	1.4816486563	SATL
-36	-49	63.546			17.4988333418	2.2435697532	0.2507645842	1.2275741458	43.523979187	SATL
-36	-49	60.52			17.296749359	1.5168149988	0.2401449467	1.1058171131	4.3965328963	SATL
-36	-23	3074			19.9129021759	2.2994365363	0.1744107677	0.1487657187	32.3400440151	SATL
-36	-23	6239			19.7576695995	2.7532445731	0.1749642701	0.1466119986	28.1010354914	SATL
-36	-23	4269			19.6433405418	2.7472593361	0.1554512503	0.1108041536	21.2170869946	SATL
-36	-23	27626			17.8208981877	2.5855309509	0.2120556154	0.1399741421	9.1322135368	SATL
-36	-23	11460		2149	14.8377274363	2.0909287046	0.4648845678	3.5160049148	2.2407490764	SATL
-36	-23	655		328	14.2364074771	2.9822255869	0.7302663318	6.757686274	0.5498071637	SATL
-36	-21	72820			15.1653463543	1.1303440002	0.2549351554	0.4460524458	17.0554158042	SATL
-36	-21	7197		3	15.0790707672	0.8931317498	0.5370972476	0.460677654	8.1353420134	SATL
-36	-21	39163		3	14.9988965944	1.0343627738	0.4918738983	1.0785556935	1.8509846754	SATL
-36	-21	12473			14.9318336589	1.5097820083	0.5049772789	3.5311898576	0.1569571734	SATL
-36	8	27510			19.1424345703	2.7674663439	0.299275798	0.05	25.107252793	SATL
-36	8	39920			18.5652155801	3.1034919333	0.2898181789	0.0882602998	12.5554962126	SATL
-36	8	122510			16.6616871757	2.977819653	0.3978798318	0.404436287	6.2786831536	SATL
-36	8	44280		5905	15.4378756514	2.5428820238	0.3330857962	2.0300770514	3.1398091701	SATL
-36	8	83105		2095	14.8492337319	3.3845765623	0.4166565003	5.0416394889	1.5701384165	SATL
-36	25				22.3341178313	3.0355658092	0.1665547362	0.2619125942	50.8189849854	EAFR
-36	25				20.0117807975	4.3706688479	0.362715355	0.1983146733	13.6299324767	EAFR
-36	25				18.5256858837	7.0769577969	0.551764486	0.5400295411	7.0587461391	EAFR
-36	117				19.6910074345	2.1894934652	0.1431442042	0.4076041034	39.2875061035	AUSW
-36	117				19.4452615892	2.071209729	0.100829289	0.3084358844	13.9979091956	AUSW
-36	117				17.320636388	2.2669728991	0.1411527233	0.1417898668	2.5065576015	AUSW
-35	27				23.6163781192	2.8784559263	0.1608490347	0.6544548432	49.5985221863	EAFR
-35	27				22.6162160204	3.1499916074	0.2223177448	0.7983934037	18.7362782644	EAFR
-35	27				18.2819936155	4.425119469	0.5309001966	3.589455887	2.273255629	EAFR
-35	31				23.4906134677	1.7257403357	0.0680185021	0.1541264865	49.5910377502	EAFR
-35	31				23.1931486956	1.8601212901	0.0720059222	0.1053753252	23.1052381624	EAFR
-35	31				19.9429392458	2.5464554183	0.180806099	1.713880878	4.3051313462	EAFR
-35	33				23.1211857036	2.1021274784	0.0834270107	0.1143623485	48.284526825	ISSG
-35	33				22.6417669152	1.6437986549	0.0626678313	0.0508630811	20.0777407943	ISSG
-35	33				19.9507721468	2.1127304975	0.1329071317	2.2001586311	5.3836291772	ISSG
-34	-47	21.18			22.0955561026	2.8362373399	0.051962227	0.1018902151	25.2794383008	SATL
-34	-47				18.3490185428	1.97501179	0.1409543718	0.4066296126	33.5697173849	SATL
-34	-47				18.0555120941	1.4176860176	0.1231294653	0.4503285053	5.8848441117	SATL
-34	-47	9.08			20.9245469213	3.8164870244	0.09279026	0.4305694262	2.6155901616	SATL
-34	-32	2025			19.3838503712	0.9296279312	0.0411152769	0.05	12.9585294162	SATL
-34	-32	1713			19.3622233231	2.277556637	0.0455413725	0.05	9.5903171681	SATL
-34	-32	682			19.3220745884	1.0968989112	0.0755263502	0.05	5.2527589687	SATL
-34	-32	140		279	16.6322004632	1.1224114405	0.1908709615	0.8121056815	1.0032573621	SATL
-34	-32	199		4504	15.3353584027	1.3074769291	0.3651499533	3.7769266173	0.2227402035	SATL
-34	-24	439			21.8999795464	2.2642312788	0.1134727675	0.05	33.6055520489	SATL
-34	-24				21.5962365489	2.8779666481	0.1079422541	0.05	23.1835181635	SATL
-34	-24	1467			19.3566886262	2.8019443264	0.1459010927	0.05	11.0335675426	SATL
-34	-24	3167			15.8822355558	1.9734491645	0.3304992508	1.6949186965	3.2009359521	SATL
-34	-3	10370			20.5883742114	1.579423394	0.1458604364	0.081206032	32.2380489038	SATL
-34	-3	24840			18.9899854342	1.6014945264	0.141883883	0.0843745121	20.0083125974	SATL
-34	-3	17750			16.6275308255	1.6436469614	0.1648363143	0.1333689463	12.4180149422	SATL
-34	-3	44820		2030	15.4977350306	1.6617987798	0.214324951	0.6918582983	7.7071514329	SATL
-34	-3	68430		2030	15.044308204	2.1090526338	0.2279068613	1.6112031231	4.7833879639	SATL
-34	3	21200			20.4216684485	2.4290292371	0.2190728771	0.2196540939	31.773193125	SATL
-34	3	58000			19.2700485703	2.6958665931	0.2216962744	0.5398097557	19.3486613183	SATL
-34	3	100920			16.9253101485	2.5668026113	0.2465343118	1.1401549772	11.7825958926	SATL
-34	3	129895		2095	15.6337613968	1.8317700852	0.2724414496	1.8124226377	7.175150967	SATL
-34	3	81990			15.2067733464	2.5274803116	0.2382331616	3.5090875077	4.3693929477	SATL
-34	8	131610			17.033216601	0.2990744112	0.3182378659	0.7718236663	43.730023903	SATL
-34	10	265780			17.2781302561	0.1412342478	0.3365541611	0.5973391718	55.1770629883	SATL
-34	15				18.1042139526	4.4799019014	0.3638631429	1.4039944108	23.3910198212	BENG
-34	15				17.9702847842	2.8917691842	0.3096272702	1.2388472169	7.9992971892	BENG
-34	15				17.2116668557	3.0786174338	0.3880661371	2.2191747667	1.2233663011	BENG
-34	37				23.3179564416	2.8869295335	0.1386847068	0.05	50.2615356445	ISSG
-34	37				22.7970773312	2.0731555516	0.0897879052	0.05	24.3733236924	ISSG
-34	37				19.0358124048	3.3665800368	0.1606273404	1.7165243254	4.2908601773	ISSG
-34	39				23.097904011	2.9861029799	0.1581545944	0.05	50.2064666748	ISSG
-34	39				22.2045511983	2.7653361504	0.1044837088	1.1269211678	18.5161848272	ISSG
-34	39				17.6153103969	7.5655811289	0.3593226592	1.5965047886	1.4242547924	ISSG
-34	43				22.8460767357	2.9876141302	0.2132665985	0.05	50.8314781189	ISSG
-34	43				22.2786410077	2.1816089444	0.1440228579	0.05	25.8165606059	ISSG
-34	43				17.5607685701	5.2332225152	0.3258245608	2.3219117891	2.5792983162	ISSG
-33	-47	15.13			20.9877492984	6.5314374608	0.0712610503	1.831342856	17.9319864884	SATL
-33	-47	21.182			18.9381491849	2.144133951	0.1658431003	0.3689532287	34.1790469258	SATL
-33	-47	39.338			18.6735715647	1.5662032138	0.1372317137	0.4128657536	6.8439383039	SATL
-33	-47	15.12			20.8099077422	5.9681238424	0.0684958726	0.9242501039	3.1075518711	SATL
-33	-47	99.858			18.4966701129	1.6711020626	0.1427262757	0.5997646284	2.730169389	SATL
-33	-15	324			16.9194554108	1.3438355515	0.2058074718	0.10047567	20.9735174571	SATL
-33	-15	7347			16.8521070888	1.2563499631	0.2192919238	0.1346820366	11.8788690912	SATL
-33	-15	56			16.4768265841	1.5816098492	0.2920243075	1.673626691	0.5727900871	SATL
-33	-15			11	14.6074295502	2.7561248742	0.541447981	5.1916335593	0.0129425839	SATL
-33	-4	10400			21.1701704984	1.771401851	0.1429731236	0.0671400762	33.9359124738	SATL
-33	-4	24800			19.660840975	1.7900876565	0.1451758713	0.051327133	21.4231865209	SATL
-33	-4	17800			17.3838653559	1.8016550824	0.1576231258	0.05	13.5241072732	SATL
-33	-4	44800		2000	16.269457576	1.7543493562	0.1901130641	0.2425494311	8.537547734	SATL
-33	-4	68400		2000	15.7556558737	2.143995178	0.2326886664	0.8235595597	5.3896142524	SATL
-33	4	39600			17.5096299107	1.2446385933	0.2525823695	0.3366105455	46.1004955174	SATL
-33	9				20.5893265488	2.5383401606	0.1000429048	0.05	43.0570030212	SATL
-33	9				20.5053620897	2.6234520967	0.0934905079	0.05	18.7000478499	SATL
-33	9				18.6494518485	3.1169529163	0.1801865926	1.0413611484	6.1504649073	SATL
-33	12				19.6692511234	6.3128294441	0.3239374375	0.8679135528	32.4270210266	SATL
-33	12				19.5789191084	5.5750749598	0.397102246	1.4214487743	14.5849866557	SATL
-33	12				19.4682388072	5.6959110972	0.3521637456	2.3044386454	5.3722320663	SATL
-32	-25	194			23.465278981	2.0638524863	0.0851537579	0.05	35.827699737	SATL
-32	-25				23.2201774445	2.2790893796	0.0793962067	0.05	25.0148992878	SATL
-32	-25	1219			20.7561117905	2.3058594933	0.1054551576	0.05	12.1943435013	SATL
-32	-25	2085		7559	17.0880584458	1.9923209084	0.2168289215	0.5409401072	3.6820628787	SATL
-32	-25	531		6632	15.8233121847	2.8512279096	0.440655404	3.4640287663	1.1117931065	SATL
-32	3				20.8610890375	2.5197155734	0.2068995162	0.1026360556	59.8449707031	SATL
-32	3				20.5098624753	1.7944028183	0.1896511164	0.4169699816	31.9127911175	SATL
-32	3				17.1692687782	1.9288347115	0.219167375	0.651379535	10.2908589385	SATL
-32	6				21.3437826839	3.610600355	0.2603496137	0.05	54.3045349121	SATL
-32	6				20.7992456336	2.70689177	0.2544081605	0.17005833	25.4218170276	SATL
-32	6				16.8765839646	1.0995977642	0.3261311949	0.9083365191	6.3224560678	SATL
-32	11	36410			21.0113160622	1.170621461	0.0579470863	0.05	25.6479779353	SATL
-32	11	69190			19.9825143664	1.055722777	0.0524834799	0.05	12.1607664983	SATL
-32	11	50815		2215	16.2539412163	1.1196639772	0.1362711989	1.0572653502	2.7338619841	SATL
-32	110				18.1905337576	1.988842281	0.1210919466	0.0670681799	55.1715126038	AUSW
-32	110				17.9255060288	1.9013302849	0.1243532309	0.0915638176	23.2881503111	AUSW
-32	110				16.5175628928	2.0657174961	0.1621380527	0.3013213616	4.1493035235	AUSW
-32	113				19.9718259773	2.0892055217	0.0860625521	0.05	61.9425239563	AUSW
-32	113				19.4727415648	2.0656270153	0.0895690405	0.252444136	21.449606742	AUSW
-32	113				17.1662961591	1.918788536	0.1269814777	0.4609768771	2.9927873508	AUSW
-31	-44	1.12			21.7967391947	6.8373227711	0.0841223327	1.3461736224	19.8934350567	SATL
-31	-44				19.5309679098	1.2989053809	0.1273149729	0.2246027074	35.9954650898	SATL
-31	-44				18.0665182392	1.3742427528	0.1643008865	1.101796713	1.3072175796	SATL
-31	-44	0.16			18.8237143368	6.5357787989	0.1443081145	1.2239768502	0.6873897553	SATL
-31	-3				21.8206069696	2.0828764167	0.1807430532	0.0570246914	61.2035255432	SATL
-31	-3				20.0985692503	1.5205650544	0.1856236847	0.05	24.8337738663	SATL
-31	-3				16.6022704309	1.6648790464	0.2636738692	0.6918494961	5.7342342582	SATL
-31	0				21.4370734812	2.3198349301	0.1893165324	0.0916291021	61.0955200195	SATL
-31	0				20.2480686392	1.5023095524	0.1635888662	0.0681660517	26.9824952711	SATL
-31	0				16.3164334597	2.0842370541	0.2660016734	1.1431527498	4.6829951042	SATL
-31	61				23.3156642366	3.881683477	0.4270963403	0.3723210944	50.818561554	ISSG
-31	61				20.4735063801	3.1916174168	0.3396620431	0.0674222313	15.6937428061	ISSG
-31	61				15.6234738567	3.8688630916	0.5186656873	2.2463734951	2.394711456	ISSG
-31	103				16.7254875516	2.8452432674	0.3131054547	1.3563977477	29.1544799805	ISSG
-31	103				16.8942682541	1.7020328278	0.1831481441	2.2370058169	37.9259910583	ISSG
-31	103				16.5019482078	3.115330613	0.1819541308	1.0426029829	6.5182680973	ISSG
-31	103				16.5565763171	1.737713219	0.1281430753	1.0276958811	7.3220437722	ISSG
-31	103				15.8367789037	1.9390447155	0.1697600614	0.5483700237	0.9808291035	ISSG
-31	103				15.7864956963	2.9496547761	0.1824598028	0.8196305695	0.3258262412	ISSG
-31	107				17.8805785149	1.192586351	0.1351341636	0.2229992339	47.2870101929	ISSG
-31	107				17.4825410484	1.3802913854	0.1427066228	0.1689959952	18.7133150766	ISSG
-31	107				16.4027759077	1.1988848166	0.1702459105	0.5411699856	2.1516490495	ISSG
-30	-43				22.3804694216	5.7775963074	0.099980488	0.9764526771	20.9552219114	SATL
-30	-43	12.104			19.9791189282	1.0238608616	0.0800423312	0.145328588	36.7981864368	SATL
-30	-43	15.13			19.7635917048	1.3112505604	0.0686903568	0.1421389186	8.9369906208	SATL
-30	-43				20.7995131186	5.3017586616	0.1031295701	0.3898632518	2.1595242866	SATL
-30	-27	1762			21.5647401305	0.0800579871	0.1394088332	0.1162048373	19.0714840014	SATL
-30	-27	353		6832	17.8437374908	0.046310442	0.2384302691	0.631825839	1.2503769303	SATL
-30	-6				22.6824605462	1.8778116252	0.1787378387	0.05	62.1875152588	SATL
-30	-6				20.6688915935	1.1802127523	0.1841247827	0.05	25.5887877913	SATL
-30	-6				17.1371774425	1.2475274724	0.2302028104	0.3355148649	5.4094872532	SATL
-30	13	199685			19.479282283	1.8589367362	0.1779600436	0.824064124	12.324504796	BENG
-30	13	107195			17.3813890991	2.3792707094	0.2771892147	1.6637571614	5.775293927	BENG
-30	13	65220		6490	15.6776774846	2.9123375239	0.3909495211	3.4567647747	2.7063172513	BENG
-30	13	101895			14.8246926702	3.1059141464	0.4210664226	4.514397912	1.2681870667	BENG
-30	69				23.9753167728	1.8272648177	0.247629328	0.1571846523	51.8839530945	ISSG
-30	69				20.7092605528	2.8848724771	0.2384338707	0.5172194376	16.7183771674	ISSG
-30	69				15.9332905116	3.3706535062	0.3646843465	2.9486525067	2.7305605774	ISSG
-30	72				23.8982974444	2.0556179647	0.1411348693	0.129184144	51.4209747314	ISSG
-30	72				20.9193469356	2.8618643091	0.170483031	0.5314632803	19.0638913658	ISSG
-30	72				15.6844397205	2.9659667571	0.3189434891	3.2003578142	2.9257352636	ISSG
-30	76				23.0534722311	2.3098661438	0.1145879472	0.4827931086	58.1884918213	ISSG
-30	76				20.6192475657	2.1597671373	0.1583374732	0.4528144707	27.1312877768	ISSG
-30	76				15.353328336	2.2424257441	0.2622591177	3.3817130522	2.7502383187	ISSG
-30	79				23.4474259795	3.1122779391	0.1244922304	0.0790371364	53.753993988	ISSG
-30	79				21.2610878478	3.3437240183	0.1295465284	0.2779636933	22.2962382472	ISSG
-30	79				15.4226371122	2.4552736422	0.2936139543	2.6569539443	3.0784246427	ISSG
-30	82				22.8957699409	3.2025252728	0.109814913	0.0681945968	43.9929847717	ISSG
-30	82				20.0319154552	2.9805688669	0.0810484316	0.0758058489	13.4103963858	ISSG
-30	82				15.4939738929	2.2936666723	0.3057322054	1.707129575	2.3822141254	ISSG
-30	86				21.8099813193	2.4888150865	0.1184742691	0.1319904397	34.7529983521	ISSG
-30	86				20.5871959371	2.2505512193	0.1370215274	0.1191942389	9.9171534856	ISSG
-30	86				14.8732282149	2.4155010512	0.4502458006	4.079713547	1.1368554496	ISSG
-30	89				20.6680887356	2.2692657363	0.1758766095	0.1975241171	26.0160236359	ISSG
-30	89				20.5368547585	2.1793444465	0.1647394566	0.0533232474	7.7579075207	ISSG
-30	89				16.1117836821	2.001882002	0.3704609441	2.4836989913	1.425770911	ISSG
-30	92				19.1884204023	5.9811239325	0.1940584953	0.1240971692	22.1549911499	ISSG
-30	92				19.0502338675	6.0148048811	0.2582812073	0.0883863161	7.5841747504	ISSG
-30	92				16.5082827747	6.3373677425	0.3642618748	2.2626135943	0.8887545393	ISSG
-30	96				17.833196649	2.6142066872	0.2768723512	0.4249898059	23.58552742	ISSG
-30	96				17.6911231088	2.7222476053	0.2707421002	1.0978349871	5.0059912564	ISSG
-30	96				16.5211264008	2.9595535382	0.3335387662	1.1033734274	0.5715738863	ISSG
-30	112	2922			22.0431495114	2.5472007661	0.1109714576	0.1750793285	30.958908718	AUSW
-30	112	4392			21.6288797877	2.5570764717	0.1197104276	0.1668176996	17.4207362746	AUSW
-30	112	3097			19.46815147	2.4108209405	0.1564759407	0.1435319755	6.3688059347	AUSW
-30	112	4375		4062	17.4661047247	2.1010376503	0.2227206402	0.8075228399	1.746585926	AUSW
-30	113	3527			22.1313240618	2.3235997244	0.1270805424	0.2380690681	26.7787499602	AUSW
-30	113	5573			21.7690401321	2.3731144829	0.1343878646	0.2396333814	17.1519012357	AUSW
-30	113	3543			19.6331669075	2.3064338231	0.1679952278	0.3004281135	6.0654569388	AUSW
-30	113	4343		24840	17.6775404128	1.9973944382	0.233136108	0.9799910382	1.5937838624	AUSW
-30	113	551		2563	15.302501776	1.8899135136	0.3720908414	3.3664486924	0.1480971098	AUSW
-29	-15				23.8049068333	1.3871094578	0.267793494	0.05	61.2149925232	SATL
-29	-15				20.7028480036	0.7328263828	0.150956142	0.05	22.2900963179	SATL
-29	-15				16.8104023022	1.1814829851	0.2553349295	1.035994103	2.1104332239	SATL
-29	-12				23.6799634441	1.5595580608	0.2688501823	0.05	62.3760261536	SATL
-29	-12				20.7077016873	0.9687296106	0.1775257687	0.05	23.0733998315	SATL
-29	-12				17.0340388576	1.0679550877	0.2025010777	0.2242430594	3.1571801895	SATL
-29	-8				23.5833173743	1.4314508686	0.149581058	0.05	41.3521359499	SATL
-29	-8	8520			18.5953491101	1.943216329	0.188093675	0.0576973595	27.2192582659	SATL
-29	-8	1261			23.4748420622	1.2745067138	0.1502514549	0.05	29.7067515236	SATL
-29	-8				18.5697289466	2.068850572	0.1888526489	0.0744758938	17.5126824303	SATL
-29	-8	1885			22.9801448009	1.4155827067	0.1539425713	0.05	19.1131141085	SATL
-29	-8	564			21.94812895	1.4415637845	0.1578644357	0.05	15.3309687041	SATL
-29	-8				18.5248213705	2.1111005084	0.1941934718	0.1305067268	7.2494564364	SATL
-29	-8				18.4342644081	2.1202196056	0.1738056359	0.3166168455	2.2365355574	SATL
-29	-8	4386			18.1112600915	1.978876987	0.2000153048	0.5550070405	5.0904985664	SATL
-29	-8	10875		3045	18.1334329187	2.2128070148	0.2212012838	0.6533553524	1.2422556725	SATL
-29	-5	2950			19.2274094786	1.4963157579	0.2017617425	0.05	39.2522797156	SATL
-29	66				24.1212479334	2.1593094949	0.2992566647	0.3050521991	52.2015075684	ISSG
-29	66				22.7020310255	2.8554733908	0.2557087087	0.05	18.5990849473	ISSG
-29	66				17.4178960946	3.3901877382	0.3252996606	1.0314643441	3.0560222352	ISSG
-29	112	7640			22.5940568161	2.4097456258	0.1075667883	0.1080271582	35.6638265126	AUSW
-29	112	19412		8710	21.3984376511	2.4970283404	0.1354026178	0.0927728599	11.2024984617	AUSW
-29	112	735		989	16.6812100037	2.2378845263	0.2973587821	2.0035651956	0.4012729521	AUSW
-29	112	641		1030	15.7788097329	2.0820787755	0.3305150798	2.8221398804	0.1683662747	AUSW
-28	-78				16.7901909514	0.6394875679	0.3679676068	0.4968839023	20.4749667753	SPSG
-28	-41	84.728			21.0053727142	1.033171095	0.0614945252	0.1818177475	44.8864593506	SATL
-28	-41	6.04			23.5459286633	3.1248436692	0.1115375929	0.2465704491	23.0724864341	SATL
-28	-41				20.9466042161	0.9930913423	0.0930355584	0.1782256563	38.9055194989	SATL
-28	-41	12.1			21.6801116113	3.3879780323	0.1169862891	0.1568785461	2.762508107	SATL
-28	-41				20.2858033453	1.6116805796	0.0548090342	0.3506078589	4.5545896695	SATL
-28	-19				24.5340965763	0.8838155771	0.1198621514	0.05	60.4964828491	SATL
-28	-19				21.8868780148	0.5872888653	0.1023321044	0.1072371293	24.2540970085	SATL
-28	-19				18.341480804	0.5711449375	0.130577122	0.0529347772	3.898477914	SATL
-28	63				24.5911866797	2.5127458281	0.2934227743	0.3378248818	53.5005187988	ISSG
-28	63				22.6585435054	2.1286019584	0.2353693494	0.05	16.7548279087	ISSG
-28	63				17.8125522248	2.4381948324	0.2752350289	0.1871754946	3.1320237809	ISSG
-28	111	1054			22.9219471927	2.6425242269	0.1007101295	0.062292312	35.9884790461	AUSW
-28	111	4060			21.8668272344	2.6823260081	0.1280226337	0.1861672175	13.5542417371	AUSW
-28	111	2280		18960	17.8355264668	2.3847808228	0.2351399569	1.2320100815	1.1004303082	AUSW
-28	111	721		750	16.067198354	2.2609104386	0.3098370229	2.1354887265	0.2063260612	AUSW
-27	-40	7.565			24.0112395248	2.9489486353	0.1430351249	0.0947475033	24.2600140121	SATL
-27	-40	18.156			21.3956899315	1.2403270428	0.1326686485	0.2802715889	38.3730245111	SATL
-27	-40	1.5			21.9567083298	3.1013347927	0.1554443069	0.1920937099	2.8722028073	SATL
-27	-40	33.286			20.4419493916	2.0991531053	0.0941234254	0.7369560528	2.9383684575	SATL
-27	-25				25.7691393284	0.9203754643	0.0637143955	0.05	59.6854820251	SATL
-27	-25				21.6698977098	0.8437593863	0.0905982706	0.05	18.5244010821	SATL
-27	-25				18.4110319784	1.0129648633	0.1809447174	0.336255643	2.2548622791	SATL
-27	-22				25.4625763098	0.746829937	0.0789107897	0.05	60.9074859619	SATL
-27	-22				22.3271406127	0.6983176341	0.0985945683	0.0536697741	24.0312704648	SATL
-27	-22				18.758094004	0.5863247155	0.1537560744	0.0594904959	3.3304437547	SATL
-27	13	2190.824			17.3414808175	2.4391329704	0.3615339105	1.9574721337	22.7138719651	BENG
-27	111	1953			23.3363952151	2.6790538693	0.1243796487	0.1458814088	27.8793937542	AUSW
-27	111	4748			22.2545808828	2.7350431286	0.1391257761	0.1962573939	14.1241738277	AUSW
-27	111	6868		10425	19.4621152046	2.693606363	0.1910799297	0.2796334991	3.6251210255	AUSW
-27	111	863		6740	17.9256803081	2.4360706276	0.2682708503	1.7841586496	0.8121157106	AUSW
-26	-180				24.5282026149	0.7736191799	0.1138800982	0.426074695	33.9775466919	SPSG
-26	-180				23.8063364209	0.7279061349	0.1351966287	0.6303879692	9.7347317447	SPSG
-26	-180				20.2017890386	0.2856888864	0.2413386945	0.1421546163	2.4613260935	SPSG
-26	-31				26.1929780107	1.4281692845	0.0391648113	0.2685194043	56.7970352173	SATL
-26	-31				23.6584743676	0.8693302031	0.0570104104	0.2006970568	23.1439453832	SATL
-26	-31				19.705037173	1.1658804491	0.1365779075	0.6276167492	2.6155671942	SATL
-26	-28				26.3718715879	1.2387189457	0.0601903809	0.05	58.7239875793	SATL
-26	-28				22.7008874218	1.0312755791	0.0785742421	0.0811654782	18.8940922667	SATL
-26	-28				19.3845167193	1.1716681039	0.1602184098	0.3218788094	2.2185441486	SATL
-26	-5	56929	122		19.372415837	2.4457891825	0.2002248039	0.1107912601	29.550561577	SATL
-26	-5	16364			19.345992853	2.7547174532	0.1930354182	0.1372829435	19.6505096313	SATL
-26	-5	21665		3	19.1358557369	2.896225891	0.1781646943	0.5208050885	2.2302330256	SATL
-26	-4	6082			24.0652015129	1.0247936223	0.1412104895	0.05	43.7092069176	SATL
-26	-4	5348			23.9847536725	1.2716841183	0.1670651515	0.05	31.1654003057	SATL
-26	-4	6996			22.3156182482	1.6323268028	0.1536564032	0.0847193551	15.8442715034	SATL
-26	110	1340			23.8372936619	2.7574025348	0.1192645322	0.1314604596	36.5063338424	ISSG
-26	110	1556			22.8606309648	2.7804498538	0.1365352466	0.1457543584	16.3133923889	ISSG
-26	110	7162			19.6590387073	2.922622742	0.2005461072	0.642530029	3.7256357746	ISSG
-26	110	1219		9829	18.3325965336	2.6525193195	0.2656584505	1.9052091404	0.9731067781	ISSG
-25	-38	6.06			24.7476463573	2.6577999854	0.2189253288	0.1815360167	26.6703869431	SATL
-25	-38	3.02			21.3711133055	2.3614728716	0.3168189168	0.1186550269	2.0320640029	SATL
-25	-37				26.3269219056	2.0996818204	0.01578862	0.367908363	54.2300300598	SATL
-25	-37				24.7295292496	1.7637511804	0.0768630135	0.5047021297	19.5159754647	SATL
-25	-37				20.6111236955	2.2055470723	0.094193217	0.9651741149	2.5274996261	SATL
-25	-34				26.5389325001	1.9181745532	0.022022392	0.4437438393	56.0940361023	SATL
-25	-34				24.164194453	1.2930050216	0.0794324987	0.4278367376	18.3757058355	SATL
-25	-34				20.6081675739	1.7942524844	0.0980634174	0.8478189334	1.9719627656	SATL
-25	-26	99.5		4408.5	19.8681316603	0.5780458796	0.2534403788	0.1280857435	1.6541422081	SATL
-25	-26			3296	17.8752176675	0.9095076789	0.2341985181	0.9039878967	0.5579607195	SATL
-25	108	1741			22.8656461434	2.8507948204	0.1307035632	0.1336177937	14.6562789171	ISSG
-25	108	6308			21.558034017	2.95483862	0.1562019427	0.4630702115	9.8785833679	ISSG
-25	108	3780		2970	20.2858701168	2.8547323545	0.1772211602	0.612612534	5.118541743	ISSG
-25	108	7765			19.9535156388	3.0390513074	0.2090135466	1.0960052411	3.9348382228	ISSG
-25	108	925		3355	18.6318587245	2.5791662732	0.2589649477	1.9271377543	1.0564040114	ISSG
-24	-179				25.5046108362	0.7733917482	0.0914702725	0.3811847974	35.3490142822	SPSG
-24	-179				25.2817699955	0.7306737947	0.1581162428	0.4816391612	14.3037072531	SPSG
-24	-179				21.0145966233	0.2346353888	0.2936688708	0.2376375714	2.0580624682	SPSG
-24	-38	15.13			22.8230592711	1.9936363408	0.1466448739	0.4881634109	46.8849830627	SATL
-24	-38				22.7730133811	2.1178344038	0.141290555	0.457361029	40.974395399	SATL
-24	-38	6.052			21.690646487	3.1622667289	0.1975673095	1.909764862	2.4186173053	SATL
-24	-38				21.4246119787	3.3980266372	0.1631476876	1.7392526343	1.8472460096	SATL
-24	-17				25.0629702066	1.0071699363	0.1947683404	0.1233795919	35.1616577691	SATL
-24	-17				25.030983641	2.5672193716	0.1157742467	0.082906099	31.4911388131	SATL
-24	-17	233			25.0098994837	2.5953906531	0.1123586078	0.0742887505	25.2595967851	SATL
-24	-17	9480			22.0167776513	1.2166547524	0.3072314473	0.05	36.0075599937	SATL
-24	-17	673			24.5045880088	2.6031746807	0.1097930829	0.0588626808	13.0358860615	SATL
-24	-17	566			20.4064130564	2.7525896081	0.1308842386	0.0733690358	4.3284339318	SATL
-24	-17			1586	18.3485262038	3.0652863643	0.1949765524	0.8968027875	1.4372126462	SATL
-24	-1	1060			23.7336054892	0.7840988787	0.1846163468	0.05	43.396705092	SATL
-24	-1	6933			23.6524224619	1.1119966756	0.211440628	0.05	30.6193844421	SATL
-24	-1	10946			22.0663119522	1.5504571698	0.1952880437	0.05	15.2431896552	SATL
-24	-1	8880		16492	18.1691972245	1.9771919293	0.2198007188	0.3599999295	4.7665942239	SATL
-24	-1	5185		1434	14.4077746868	3.208675041	0.5143280043	5.6985265076	0.4660932794	SATL
-24	108	701			24.5817136562	2.6833893908	0.1285349025	0.1700917344	41.8926128063	ISSG
-24	108	1931			24.405435101	2.6994908444	0.1306897751	0.1810225944	27.9833538567	ISSG
-24	108	3562			24.0769637943	2.6985774705	0.1315736284	0.1798645165	21.3832957134	ISSG
-24	108	1306			23.2485057103	2.7463603194	0.1351764451	0.1425715883	14.2835762796	ISSG
-24	108	5720			22.2999187507	2.8442930376	0.1512433777	0.2739027334	10.9147008252	ISSG
-24	108	3301		10455	20.6404423021	3.0350690302	0.1939519389	0.8385034811	4.8700841907	ISSG
-24	108	8771			20.2890356092	3.2234562203	0.2284592153	1.2974540109	3.7214427882	ISSG
-24	108	397		15697.5	19.7448471278	3.7033746195	0.2932433603	2.4521203049	2.1730068835	ISSG
-24	108	318		5044	18.9140961558	2.953148873	0.2931451113	2.4606510744	0.8475653114	ISSG
-23	-37				24.1688374473	1.2180291352	0.0961642233	0.4652712738	48.7644462585	SATL
-23	-37	3.02			25.6583869191	1.4342027939	0.2041548096	0.4884150473	28.3719764308	SATL
-23	-37	9.078			23.1398541026	2.4416634385	0.1286562247	0.4197046806	41.4634269548	SATL
-23	-37				23.6392883936	0.9399902256	0.0799430221	0.4880126336	14.403943884	SATL
-23	-37	15.13			22.7695215911	1.5797736907	0.1380630479	1.2587872791	10.0323193322	SATL
-23	-37	15.13			22.3917922751	2.4287984269	0.2258017214	1.5522744945	3.5744519161	SATL
-23	-37	7.565			21.8120680959	1.3537712813	0.4057220598	0.1258440716	1.6143023315	SATL
-23	-37				21.3438624301	1.0927927914	0.1531702546	0.8414193659	1.6479021431	SATL
-22	-36				23.4901495847	2.0593430024	0.138268255	0.3600152947	49.1505317688	SATL
-22	-36				23.2010335699	3.1975899219	0.1208028135	0.3634976724	16.137373598	SATL
-22	-36				22.2261929209	2.1481446784	0.1846583341	0.8337945816	2.2280758848	SATL
-22	-26	998			25.5010742692	1.3333837033	0.2166942288	0.1126935156	20.9911203752	SATL
-22	-26	1682		336	25.482919099	1.3709142337	0.1665277098	0.0979465664	14.8663386818	SATL
-22	-26	1434			25.2914643105	1.5913544524	0.1561984066	0.05	8.3653611482	SATL
-22	-26	149		149	20.4523231298	1.3710873354	0.198354485	0.05	1.3285651213	SATL
-22	-26	162		2294	17.4382729569	2.7877926078	0.3192298077	2.0380145117	0.33423849	SATL
-22	-23	4620			23.053396426	1.3612774199	0.1237331485	0.05	39.5381011004	SATL
-22	-23	4740			22.7482174963	0.7925795802	0.114943674	0.05	28.5102818394	SATL
-22	-23	6430			22.2053645331	1.8802830862	0.1235199462	0.05	14.8242563523	SATL
-22	-23	10780			20.6503745705	1.042908993	0.0859435961	0.7029193002	2.5915723184	SATL
-22	-23	1650		220	20.0209784981	0.9059767049	0.0584634306	1.1072463354	1.8687406615	SATL
-22	0	181858	122	4	19.0766642133	4.8357492353	0.2815762108	1.5829367323	28.6225895285	SATL
-22	0	75294	514		19.0029040811	5.846912116	0.322879195	1.3584036783	11.9615196106	SATL
-22	0	65326		4	19.151619717	4.1240969476	0.4542337147	1.5987608544	2.9614898688	SATL
-22	0	2960		11713	18.9854551371	5.1747917837	0.4236484089	3.8749973869	1.0394489676	SATL
-22	0			3	17.180594993	4.4558512978	0.7069219302	6.5240682873	0.3648346623	SATL
-22	4	8073			18.3775375291	6.2920699597	0.2368210154	4.6831618472	27.4102694933	SATL
-22	4	1091			18.3437395941	6.5397330252	0.2807204038	3.8889295253	14.7083960754	SATL
-22	4				18.3410378178	7.476652115	0.2447065753	3.086421315	4.2351552769	SATL
-22	11				15.8568741631	3.7493036407	0.7831675333	6.9061049491	23.811105721	BENG
-22	11				15.7511415649	4.009402852	0.7716373319	6.6672065234	6.1358758919	BENG
-22	108	1529			25.2168047769	2.6008457746	0.130376098	0.178310128	28.9243880102	ISSG
-22	108	2515			23.8103661835	2.7676245557	0.1407816856	0.2416422238	15.0433357334	ISSG
-22	108	4632			20.7333559168	3.9347815132	0.2719798393	1.793694143	4.0691536282	ISSG
-22	108	95		12856	19.7068925438	4.4557147398	0.3725705318	3.792036253	1.4296576007	ISSG
-21	-177				27.046391709	0.5165912727	0.1452669141	0.2888357036	36.9770202637	SPSG
-21	-177				26.4969851757	0.5846422737	0.1566592481	0.3232439082	12.3579045127	SPSG
-21	-177				23.2572138195	0.6177095729	0.1613034087	0.2253087263	3.1402266143	SPSG
-21	-35	10.591			23.7771422337	1.8340593927	0.1304175328	0.2516204995	50.2509994507	SATL
-21	-35	7.565			22.2451265206	1.926691456	0.1757637502	0.5520753259	1.928569539	SATL
-21	-24	2050			22.5632535753	0.7169172337	0.2336606645	0.2180165262	31.0915422632	SATL
-21	-24	2010		690	19.6863953086	1.7538462324	0.4327870302	0.5279360252	1.427158289	SATL
-21	109	1148			25.7346223919	2.6502707166	0.1364273912	0.1868091885	29.2784677855	ISSG
-21	109	1218			24.5789190805	2.9166061429	0.1591753181	0.420228912	17.3718662485	ISSG
-21	109	2200		24000	21.0437450166	5.2612877523	0.3750709805	3.3618216834	4.1344366229	ISSG
-21	109	334		5208	19.8298693504	5.5766271195	0.449098564	4.9656075157	1.2774300706	ISSG
-21	110	338			26.1016176069	2.6431341513	0.1517416002	0.1791157876	33.4268373416	ISSG
-21	110	3855			23.4601478806	3.7405740955	0.2210609085	1.0511234939	11.7676902349	ISSG
-21	110	5764		24384	21.2197044681	6.044009299	0.4447389132	4.3844378151	4.1427351337	ISSG
-21	110	442		6626	20.0179477298	6.2054915113	0.4929713992	5.490324955	1.4584216652	ISSG
-20	-36	3.02			26.8634186057	1.5947560807	0.1653929688	0.3076794535	30.3921788755	SATL
-20	-36				24.2057314226	2.473507541	0.1510479687	0.3547156693	43.6909369691	SATL
-20	-36	25.72			24.6404439557	2.3899496754	0.2722697158	0.05	3.4787952796	SATL
-20	-36				21.0228074999	2.1555451831	0.2684186989	1.5562421579	0.9951568582	SATL
-20	-18	448			24.7194654051	1.2984143853	0.203181062	0.0892902299	32.2110243697	SATL
-20	-18	1691			24.6036337485	1.323585624	0.1977898308	0.0835336758	22.9497899225	SATL
-20	-18	760			24.5619272653	1.2649538289	0.192353735	0.0753695407	11.6500307199	SATL
-20	-18	810			21.3086229949	1.3770861245	0.174679175	0.0907805923	3.7633475751	SATL
-20	-18			1198	19.271821144	1.5877922106	0.3403252985	1.0133027106	1.2156864914	SATL
-20	110	696			26.3591316727	2.7321758318	0.1405166734	0.1859315092	33.4164259982	ISSG
-20	110	761			25.3989021914	2.892673211	0.1497304981	0.2002091878	19.9065330356	ISSG
-20	110	36779		2452	22.6625885067	5.0219735454	0.3135958445	2.5494832839	8.0409614831	ISSG
-20	110	1530		22270	21.2799971352	6.9302681534	0.5040891125	5.4465963047	3.6971019537	ISSG
-20	110	231		1154	19.5989972715	7.6728375083	0.5807535823	6.9095967967	0.8896299805	ISSG
-20	110	90		361	18.2148455867	8.0343846458	0.6266522306	7.359131599	0.3157044261	ISSG
-19	-176				27.952291202	0.6541713887	0.2557983361	0.3016115841	38.3485145569	SPSG
-19	-176				27.6212591556	0.7216795991	0.2158558654	0.3280529292	13.3727320656	SPSG
-19	-176				24.1063838383	0.3949839958	0.2270818447	0.1272548468	2.1972816982	SPSG
-19	-36	3.02			24.5679116416	2.2965091056	0.1647450976	0.32298905	45.0729971731	SATL
-19	-36	3.02			24.1774888749	1.6294127701	0.1367180841	0.3629221529	15.5146225153	SATL
-19	-36	12.104			23.9544413766	1.4801781518	0.1581044402	0.2412703617	8.5787032274	SATL
-19	-36	3.02			23.6805045786	1.6601412796	0.1972413819	0.2719031806	4.743534623	SATL
-19	-36	18.156			23.1352707721	1.8294627548	0.2526882095	0.5482540407	2.6229046655	SATL
-19	-36	3.02			22.3313091963	1.9980621598	0.2439682947	0.8902779108	1.8381915446	SATL
-19	-35				24.2679024815	1.3600255448	0.1269918531	0.4965430694	47.5860099792	SATL
-19	-35				27.1025601468	1.6966192239	0.1875115937	0.2126637148	32.0156456316	SATL
-19	-35	1.5			27.0752214614	1.7734786678	0.1521395393	0.1044352442	12.5972040955	SATL
-19	-35				24.1739027839	1.2055735187	0.1522666814	0.5116289691	16.0512868136	SATL
-19	-35				22.9319686757	1.6226620102	0.1902846917	0.8709150164	2.0606869981	SATL
-19	-26	2370			24.1012715157	0.962685954	0.199749524	0.0568907117	36.2406183453	SATL
-19	110	96			26.5632533968	2.7945951695	0.1311000113	0.2028021111	33.0011343313	ISSG
-19	110	2624		13910	21.7299039041	7.4261647539	0.5288097517	5.9071792	3.8518167221	ISSG
-18	-26	2230			23.4612210185	0.5728802843	0.2002293357	0.6793325174	32.2505132465	SATL
-18	110				26.6108671299	2.6578460593	0.1312011655	0.1867624622	28.5894825223	ISSG
-18	110	3089			25.0917252426	3.7927267551	0.1995863799	1.058776888	14.5747331321	ISSG
-18	110	5359		4354	21.9989586463	7.9609132301	0.5569013503	6.5581376191	3.7878192354	ISSG
-17	-33	6.052			24.9305336016	1.5269170968	0.0870771601	0.1984941179	53.6819648743	SATL
-17	-33	12.104			23.1804001238	1.7391900544	0.1296258094	0.5063602431	2.4845157024	SATL
-17	110	202			26.860000657	2.567836746	0.1313870881	0.1853695299	28.727124555	ISSG
-17	110	529		23	25.0427537171	4.0440580607	0.2167903081	1.1896682776	12.8756858542	ISSG
-17	110	800		9700	22.248919113	8.6817286441	0.5973336502	7.474401001	3.8635602931	ISSG
-17	110	162		1674	19.8168688405	13.9200300211	0.9125637817	12.475207434	1.014187029	ISSG
-17	113	814			25.1220441425	6.1576192898	0.3275579964	2.1061973278	8.7833769599	ISSG
-17	113	146		5621	19.4828836397	15.3119484372	0.8806054162	11.2718768829	0.7425692663	ISSG
-16	-175				28.8237007	0.3227152185	0.366908075	0.3468090022	40.6669998169	SPSG
-16	-175				28.6673386781	0.3607979564	0.3352834123	0.3543518804	18.7823136197	SPSG
-16	-175				25.2166275401	0.1403034612	0.4236361531	0.3902041759	2.7228045859	SPSG
-16	-34				24.9780130676	3.9625600258	0.1822427531	1.3411784997	43.6254959106	SATL
-16	-34	0.24			27.4620367448	1.5318755296	0.2449918925	0.1413800754	34.3995186138	SATL
-16	-34				25.329904755	2.0621566535	0.1120587299	0.186435272	48.0980130755	SATL
-16	-34				24.930888991	2.2778377479	0.1485045281	1.4201814859	13.9522644596	SATL
-16	-34	0.08			22.2025557334	2.3928668496	0.3692442575	0.7718379922	1.1394493483	SATL
-16	-34				22.8266215354	1.8962450383	0.0870390379	0.6144486444	1.7762227242	SATL
-16	-34				22.1266430169	2.2355194988	0.3051794822	2.4926481724	1.273338227	SATL
-16	-26	1541			26.0682230888	1.9596068062	0.1623787831	0.0709042654	10.84360559	SATL
-16	-26	572		254	21.8755529497	2.3429995248	0.3206619439	0.6998145448	2.3574382549	SATL
-16	-26	190		5370	20.2314545896	2.7275125952	0.5232881611	2.3852642336	1.2257777465	SATL
-16	-26	655		4864	18.770912139	3.1282734971	0.6882875994	4.1130570899	0.7926096155	SATL
-16	-26	250		3550	17.1924771465	4.143326686	0.7100688811	6.7258154273	0.5125154248	SATL
-16	110	394			27.4923789612	3.1152813904	0.1077988903	0.5207205913	42.3026665632	MONS
-16	110	1345		24015	22.4366146448	9.7565132645	0.6625030065	8.7825396388	3.6249793708	MONS
-16	110	453		4120	20.701432098	13.9101555883	0.9116752844	12.5873253773	1.5981522032	MONS
-15	-34	3			25.5739980062	2.0332133121	0.1121491068	0.2330835706	48.7212683076	SATL
-15	-34	6.06			25.0507791396	1.9635812343	0.0987852999	0.1498753782	13.4518371872	SATL
-15	-33	1.5			27.4471602115	1.5931746432	0.2384888721	0.1735781191	35.7318295914	SATL
-15	-33	3.02			23.1682857591	2.3442978612	0.3301520271	0.4067282479	2.1728550121	SATL
-15	-26	470		90	24.2742948872	1.604686126	0.0900125146	0.9235184145	35.2056062509	SATL
-15	-26	1770			24.8940744747	1.0150235525	0.1305007747	0.0735494673	36.2810866161	SATL
-15	-26	1740		630	23.1769967985	1.7720791278	0.2266374773	0.0962734726	3.4040152437	SATL
-15	-26	260		900	17.5752946367	5.505870353	0.6034201251	6.1331129143	0.6415975373	SATL
-15	114	299		14633	21.241058163	14.1839089343	0.8607527552	10.8306257653	2.0379330009	MONS
-14	-174				29.2364844934	0.1110952222	0.2798947927	0.2974573838	43.0479774475	SPSG
-14	-174				29.0747487268	0.14378713	0.2692889631	0.3191490353	17.6955761322	SPSG
-14	-174				25.4615584613	0.2181075017	0.352226892	2.027577563	2.3194111893	SPSG
-14	-33				26.1486904719	1.5369272466	0.1536144717	0.3924457682	39.5999946594	SATL
-14	-33				26.0965840466	1.1287718537	0.2272927872	0.3715948602	13.6614623977	SATL
-14	-33				22.7861665055	1.5963181767	0.3508063471	0.7030490706	1.4445946173	SATL
-14	110	132			27.9705134353	3.4033528761	0.1163015595	0.3396033999	36.1579652045	MONS
-14	110	147			27.7583801011	2.3267014587	0.1296175598	0.1868969236	27.4097077531	MONS
-14	110	2185			26.4039340358	2.9800839016	0.1797916872	0.5289644039	13.7137257912	MONS
-14	110	990		17327	23.2851504236	9.0426976799	0.6274223069	7.9916714541	4.5285289828	MONS
-14	110	519		5708	21.0518771424	16.0812597137	1.0230472303	14.0817048093	1.9726880749	MONS
-14	110	594		5287	20.6919686772	17.0372020284	1.0756315589	14.8232047708	1.7175470012	MONS
-14	110	150		564	18.8526561677	21.3189611118	1.2836740212	18.1520602494	0.8593294325	MONS
-14	110	168		1279	18.2001313728	23.2833060315	1.3499606429	18.9989760506	0.6514185319	MONS
-14	114	571			28.8511097999	2.948278734	0.1414819481	0.2875391184	26.3208221356	MONS
-14	114	139			27.3661218697	3.8814465136	0.1880067331	0.4113262795	13.2680754444	MONS
-14	114	592		10572	22.5768666333	12.5991338321	0.7708372018	10.3832698441	3.3715134468	MONS
-13	-31	1.5			25.6248277441	1.3820145558	0.0357529802	0.3617584314	56.0169906616	SATL
-13	-31	3.02			21.9749142301	2.0274820263	0.3051352139	1.7526483346	1.6747353363	SATL
-13	-26	949			26.7880122646	1.7138813976	0.1005441023	0.0728568613	21.6017821702	SATL
-13	-26	769			26.6054911529	1.8446624062	0.1722920427	0.0811412645	12.3391340173	SATL
-13	-26	1380		460	21.5997963972	2.2778349982	0.3907159059	2.0989801615	2.2996936054	SATL
-13	-26	100		5100	16.2863419341	5.3330311272	0.898761586	11.533280737	0.5362128712	SATL
-13	-16	256			26.371531702	2.0488480517	0.1880484393	0.2175844101	43.612325293	SATL
-13	-16				26.3582096756	1.2120132581	0.190460772	0.0630551517	38.8745502145	SATL
-13	-16	125			26.3226856202	1.1535506983	0.2046057393	0.05	30.8871364138	SATL
-13	-16	1537			21.4245381332	1.0041099882	0.336373683	0.2731544107	4.9054154875	SATL
-13	-16			1613	17.3864933326	2.2972141637	0.7158225373	6.9972031033	1.553234909	SATL
-13	-16			430	13.8057816988	6.0166729031	1.2225188125	17.1103157617	0.4918112826	SATL
-13	111	532			28.8704531539	2.7040763012	0.1819290165	0.2821222081	29.2490216223	MONS
-13	111	2520			26.0938790938	4.0340976627	0.2788018204	1.2435630684	9.5052616244	MONS
-13	111	792		15842	22.732115134	11.1569867102	0.6804601993	6.8829459032	3.5549640641	MONS
-13	114	824			28.6985100629	3.0692793368	0.1508321353	0.243739611	22.4206866485	MONS
-13	114	7881		328	26.4696904944	5.8553036445	0.2871475541	3.09750746	9.752108618	MONS
-13	114	273		19909	23.5644114831	11.3660094807	0.6139621264	9.3218714823	4.2417801019	MONS
-12	-173				29.4512205249	0.0587777576	0.2245448887	0.128681651	44.3465156555	SPSG
-12	-173				29.1834436239	0.0651537229	0.1965475651	0.6195645287	13.1252167735	SPSG
