Gephyrocapsa huxleyi HET,lat,lon
1130.0,-64,-170
96109.0,-64,175
796.0,-63,-142
1180.0,-63,-142
441.0,-63,-66
30988.0,-63,-66
5812.0,-63,-66
455.0,-63,-65
455.0,-63,-64
12796.0,-63,-64
2316.0,-63,-64
9597.0,-63,-64
119403.0,-63,172
2906.0,-62,-170
2199.0,-62,-170
846.0,-62,-170
8630.0,-62,-170
1018.0,-62,-170
710.0,-62,-140
800.0,-62,-140
61329.0,-62,-68
288986.0,-62,-68
181289.0,-62,-68
65706.0,-62,-68
15749.0,-62,-68
2982.0,-62,-67
104083.0,-61,-170
153939.0,-61,-170
37711.0,-61,-170
14251.0,-61,-170
17374.0,-61,-170
69592.0,-61,-116
69387.0,-61,-116
132744.0,-61,-116
77228.0,-61,-116
216317.66666666663,-61,-69
236584.0,-61,-68
76776.0,-61,-68
86127.0,-61,-68
5072.0,-61,-68
72340.0,-61,-56
457.0,-61,-55
918.0,-61,-55
86970.0,-61,174
312074.0,-60,-172
269940.0,-60,-172
351038.0,-60,-172
113604.0,-60,-172
2669.0,-60,-172
10273.0,-60,-172
10724.0,-60,-172
272981.0,-60,-69
70835.0,-60,-69
48459.0,-60,-69
286268.0,-60,-69
197742.0,-60,-69
35585.0,-60,-69
7312.0,-60,-56
1383.0,-60,-56
5847.0,-60,-56
102950.0,-60,-34
143669.0,-59,-173
160748.0,-59,-173
196497.0,-59,-173
136050.0,-59,-173
51365.0,-59,-173
6415.0,-59,-173
7343.0,-59,-173
119721.0,-59,-136
125799.0,-59,-136
118219.0,-59,-136
3962.0,-59,-136
232522.0,-59,-69
430167.0,-59,-69
271232.0,-59,-69
150140.0,-59,-69
13834.0,-59,-69
49062.5,-59,-57
676.0,-59,-57
105526.0,-59,-57
138620.0,-59,174
71396.0,-58,-175
76434.0,-58,-175
65378.0,-58,-175
83536.0,-58,-175
2560.0,-58,-175
982.0,-58,-152
1022.0,-58,-152
266969.0,-58,-136
301837.0,-58,-136
155025.0,-58,-136
9644.0,-58,-136
1975.0,-58,-136
56701.0,-58,-92
22423.0,-58,-92
24962.0,-58,-92
36883.0,-58,-92
25431.0,-58,-92
2376.0,-58,-92
38520.0,-58,-92
65490.5,-58,-69
39478.0,-58,-69
70407.0,-58,-69
28002.0,-58,-69
137401.0,-58,-58
30137.0,-58,-57
7403.0,-58,-57
32447.0,-58,-57
2390.0,-58,-26
50900.0,-58,-19
33903.0,-58,174
153684.0,-57,-153
72857.0,-57,-153
76161.0,-57,-153
10479.0,-57,-153
6254.0,-57,-153
482393.0,-57,-116
313550.0,-57,-116
371436.0,-57,-116
113354.0,-57,-116
29807.0,-57,-97
62054.0,-57,-97
70976.0,-57,-97
33314.0,-57,-97
8444.0,-57,-97
21626.0,-57,-69
24803.0,-57,-69
17236.5,-57,-69
5681.5,-57,-69
7345.0,-57,-68
187686.5,-57,-58
260498.0,-57,-58
141846.0,-57,-58
135538.0,-57,-58
90400.0,-57,-16
161690.0,-57,57
144150.0,-57,57
275723.0,-57,57
20409.0,-57,57
124495.0,-57,57
1485.0,-57,57
85562.66666666667,-56,-59
2111.0,-56,-59
457.0,-56,-59
82359.0,-56,-58
166600.0,-56,-13
42824.5,-56,174
388761.0,-55,-155
33277.0,-55,-155
15531.0,-55,-155
5311.0,-55,-155
1301.0,-55,-155
17783.0,-55,-126
31105.0,-55,-126
36204.0,-55,-126
11930.0,-55,-126
1851.0,-55,-126
60425.0,-55,-81
30421.0,-55,-81
52838.0,-55,-81
16756.0,-55,-81
55372.0,-55,-59
131500.0,-55,74
105740.0,-55,88
146078.0,-54,-119
138983.0,-54,-119
124264.0,-54,-119
3298.0,-54,-119
156582.5,-54,-59
177885.0,-54,-59
253905.0,-54,-59
64894.0,-54,-59
18362.0,-54,-59
28160.0,-54,-18
141700.0,-54,-10
155000.0,-54,-7
52678.0,-54,174
140196.0,-53,-180
185490.0,-53,-180
204541.0,-53,-180
18537.0,-53,-180
1866.0,-53,-180
17000.0,-53,-5
215100.0,-53,-4
361455.0,-53,57
325144.0,-53,57
314328.0,-53,57
63409.0,-53,57
153371.0,-53,57
61914.0,-53,57
39338.0,-52,-58
18156.0,-52,-58
10591.0,-52,-58
242370.0,-52,-57
564690.0,-52,-38
440400.0,-52,-3
8866.0,-52,175
1500.0,-51,-58
63540.0,-51,-58
24210.0,-51,-58
3026.0,-51,-58
75830.0,-51,-11
410000.0,-51,-2
266850.0,-51,-1
60100.0,-50,0
99100.0,-50,1
42117.0,-50,2
29248.0,-50,2
50306.0,-50,2
38607.0,-50,2
40947.0,-50,2
43286.5,-50,2
22228.5,-50,2
32757.5,-50,2
29248.0,-50,2
53816.0,-50,2
21058.5,-50,2
32757.5,-50,2
5849.5,-50,2
4679.5,-50,2
28690.0,-50,71
79840.0,-50,94
47100.0,-50,174
43877.0,-49,-56
25721.0,-49,-56
22695.0,-49,-56
21400.0,-49,2
330930.0,-49,2
124501.0,-49,2
86018.0,-49,2
23715.0,-49,2
2365.0,-49,2
55300.0,-49,3
738575.0,-49,57
739307.0,-49,57
167354.0,-49,57
136525.0,-49,57
109476.0,-49,57
97323.0,-49,57
35034.0,-49,174
40851.0,-48,-56
24964.5,-48,-56
24210.0,-48,-56
89400.0,-48,3
86200.0,-48,4
11280.0,-48,64
40947.0,-48,174
1635520.0,-47,-60
83215.0,-47,-57
393380.0,-47,-57
56737.5,-47,-57
48160.0,-47,-57
62500.0,-47,-4
63600.0,-47,5
36000.0,-47,6
138260.0,-47,57
71839.0,-47,173
18850.0,-46,-49
125142.0,-46,2
134104.0,-46,2
432740.0,-46,2
186104.0,-46,2
2619.0,-46,2
26500.0,-46,7
33300.0,-46,8
472130.0,-46,51
706282.0,-46,57
361515.0,-46,57
49002.0,-46,57
21691.0,-46,57
34555.0,-46,57
11135.0,-46,57
27183.0,-45,-22
16084.0,-45,-22
12074.0,-45,-22
1209.0,-45,-22
143.0,-45,-22
35034.0,-45,-14
31473.0,-45,-14
33353.0,-45,-14
210.0,-45,-14
426690.0,-45,5
477189.0,-45,5
166000.0,-45,5
1806.0,-45,5
2837.0,-45,5
1892.0,-45,5
47000.0,-45,8
30200.0,-45,9
123149.0,-45,57
19258.0,-45,57
32710.0,-45,57
38684.0,-45,57
33047.0,-45,57
17360.0,-45,57
106700.0,-45,100
161891.0,-44,-56
99858.0,-44,-56
47659.5,-44,-56
56359.25,-44,-55
18160.0,-44,-55
16643.0,-44,-55
152200.0,-44,10
71400.0,-44,11
138465.0,-44,57
15022.0,-44,57
34367.0,-44,57
34524.0,-44,57
28645.0,-44,57
2916.0,-44,57
43120.5,-43,-55
44633.5,-43,-55
9740.0,-43,3
75000.0,-43,11
101300.0,-43,12
98920.0,-43,113
116185.0,-42,-42
62052.0,-42,-42
77291.0,-42,-42
66720.0,-42,-42
17653.0,-42,-42
69700.0,-42,12
61300.0,-42,13
86636.0,-42,57
12635.0,-42,57
82101.0,-42,57
21179.0,-42,57
16992.0,-42,57
18809.0,-42,57
81320.0,-41,-56
73990.0,-41,-56
6030.0,-41,-46
61950.0,-41,13
29080.0,-41,43
26540.0,-41,105
98490.0,-41,109
53946.8,-40,-75
27230.0,-40,-54
39340.0,-40,-54
11842.0,-40,-19
12003.0,-40,-19
22578.0,-40,-19
2475.0,-40,-19
35700.0,-40,14
82349.0,-40,57
89492.0,-40,57
11401.0,-40,57
4462.0,-40,57
14099.0,-40,57
13910.0,-40,57
6985.0,-39,-75
52827.0,-39,-75
40639.0,-39,-75
14923.0,-39,-75
37966.0,-39,-75
10963.0,-39,-75
7105.0,-39,-75
33632.0,-39,-75
7773.0,-39,-75
6970.0,-39,-75
35461.0,-39,-75
1706.0,-39,-75
11510.0,-39,-75
4890.0,-39,-75
4129.0,-39,-75
4564.0,-39,-75
1586.0,-39,-75
1773.0,-39,-75
189125.0,-39,-52
152056.5,-39,-52
7757.0,-39,-22
7622.0,-39,-22
13139.0,-39,-22
1583.0,-39,-22
359.0,-39,-22
37750.0,-39,15
8747.0,-38,-75
11101.0,-38,-75
2627.0,-38,-75
611.0,-38,-75
1683.0,-38,-75
2579.0,-38,-75
10591.0,-38,-53
10591.0,-38,-53
31773.0,-38,-53
49600.0,-38,15
17150.0,-38,39
5649.0,-37,-75
55660.0,-37,-75
38207.0,-37,-75
17165.0,-37,-75
5912.0,-37,-75
6722.0,-37,-75
4551.0,-37,-75
2130.0,-37,-74
1092.0,-37,-74
889.0,-37,-74
845.0,-37,-74
11340.0,-37,-50
19670.0,-37,-50
60560.0,-37,-15
68615.0,-37,-15
128185.0,-37,-15
106475.0,-37,-15
74575.0,-37,-15
66485.0,-37,-15
60600.0,-37,14
39000.0,-37,16
24964.5,-36,-50
89267.0,-36,-50
31773.0,-36,-50
105910.0,-36,-50
25721.0,-36,-50
31773.0,-36,-49
30260.0,-36,-49
3074.0,-36,-23
6239.0,-36,-23
4269.0,-36,-23
27626.0,-36,-23
11460.0,-36,-23
655.0,-36,-23
72820.0,-36,-21
7197.0,-36,-21
39163.0,-36,-21
12473.0,-36,-21
27510.0,-36,8
39920.0,-36,8
122510.0,-36,8
44280.0,-36,8
83105.0,-36,8
31600.0,-36,16
15600.0,-36,17
194500.0,-35,18
10590.0,-34,-47
24210.0,-34,-47
52950.0,-34,-47
4540.0,-34,-47
2025.0,-34,-32
1713.0,-34,-32
682.0,-34,-32
140.0,-34,-32
199.0,-34,-32
439.0,-34,-24
1467.0,-34,-24
3167.0,-34,-24
9200.0,-34,-3
10370.0,-34,-3
24840.0,-34,-3
17750.0,-34,-3
44820.0,-34,-3
68430.0,-34,-3
20485.0,-34,3
21200.0,-34,3
58000.0,-34,3
100920.0,-34,3
129895.0,-34,3
81990.0,-34,3
131610.0,-34,8
265780.0,-34,10
7565.0,-33,-47
10591.0,-33,-47
19669.0,-33,-47
7560.0,-33,-47
49929.0,-33,-47
324.0,-33,-15
7347.0,-33,-15
56.0,-33,-15
10400.0,-33,-4
24800.0,-33,-4
17800.0,-33,-4
44800.0,-33,-4
68400.0,-33,-4
39600.0,-33,4
28747.0,-33,17
194.0,-32,-25
1219.0,-32,-25
2085.0,-32,-25
531.0,-32,-25
36410.0,-32,11
69190.0,-32,11
50815.0,-32,11
560.0,-31,-44
9060.0,-31,-44
33280.0,-31,-44
80.0,-31,-44
6052.0,-30,-43
7565.0,-30,-43
1762.0,-30,-27
353.0,-30,-27
199685.0,-30,13
107195.0,-30,13
65220.0,-30,13
101895.0,-30,13
288226.5,-30,16
2569.0,-30,112
2922.0,-30,112
4392.0,-30,112
3097.0,-30,112
4375.0,-30,112
3261.5,-30,113
3527.0,-30,113
5573.0,-30,113
3543.0,-30,113
4343.0,-30,113
551.0,-30,113
8520.0,-29,-8
1261.0,-29,-8
1885.0,-29,-8
564.0,-29,-8
4386.0,-29,-8
10875.0,-29,-8
2950.0,-29,-5
67410.0,-29,14
50010.0,-29,14
48220.0,-29,14
47810.0,-29,14
11218.0,-29,112
7640.0,-29,112
19412.0,-29,112
735.0,-29,112
641.0,-29,112
2049.0,-29,113
6969.0,-29,113
1291.0,-29,113
42364.0,-28,-41
3020.0,-28,-41
21180.0,-28,-41
6050.0,-28,-41
27230.0,-28,-41
569.0,-28,111
1054.0,-28,111
4060.0,-28,111
2280.0,-28,111
721.0,-28,111
3782.5,-27,-40
9078.0,-27,-40
750.0,-27,-40
16643.0,-27,-40
1095412.0,-27,13
183.0,-27,111
1953.0,-27,111
4748.0,-27,111
6868.0,-27,111
863.0,-27,111
56929.0,-26,-5
16364.0,-26,-5
21665.0,-26,-5
6082.0,-26,-4
5348.0,-26,-4
6996.0,-26,-4
1413.0,-26,110
1340.0,-26,110
1556.0,-26,110
7162.0,-26,110
1219.0,-26,110
3030.0,-25,-38
1510.0,-25,-38
99.5,-25,-26
1510.0,-25,14
7560.0,-25,14
917.0,-25,108
1741.0,-25,108
6308.0,-25,108
3780.0,-25,108
7765.0,-25,108
925.0,-25,108
7565.0,-24,-38
4540.0,-24,-38
3026.0,-24,-38
12100.0,-24,-38
233.0,-24,-17
9480.0,-24,-17
673.0,-24,-17
566.0,-24,-17
1060.0,-24,-1
6933.0,-24,-1
10946.0,-24,-1
8880.0,-24,-1
5185.0,-24,-1
1214.5,-24,108
701.0,-24,108
1931.0,-24,108
3562.0,-24,108
1306.0,-24,108
5720.0,-24,108
3301.0,-24,108
8771.0,-24,108
397.0,-24,108
318.0,-24,108
1510.0,-23,-37
4539.0,-23,-37
7565.0,-23,-37
7565.0,-23,-37
3782.5,-23,-37
998.0,-22,-26
1682.0,-22,-26
1434.0,-22,-26
149.0,-22,-26
162.0,-22,-26
4620.0,-22,-23
4740.0,-22,-23
6430.0,-22,-23
10780.0,-22,-23
1650.0,-22,-23
250.0,-22,-23
181858.0,-22,0
75294.0,-22,0
65326.0,-22,0
2960.0,-22,0
8073.0,-22,4
1091.0,-22,4
39338.0,-22,12
1002.0,-22,108
1529.0,-22,108
2515.0,-22,108
4632.0,-22,108
95.0,-22,108
5295.5,-21,-35
3782.5,-21,-35
2050.0,-21,-24
2010.0,-21,-24
60.0,-21,-24
1148.0,-21,109
1218.0,-21,109
2200.0,-21,109
334.0,-21,109
392.0,-21,110
338.0,-21,110
3855.0,-21,110
5764.0,-21,110
442.0,-21,110
1830.0,-20,-81
1510.0,-20,-36
3030.0,-20,-36
12860.0,-20,-36
1510.0,-20,-36
448.0,-20,-18
1691.0,-20,-18
760.0,-20,-18
810.0,-20,-18
370.0,-20,110
696.0,-20,110
761.0,-20,110
36779.0,-20,110
1530.0,-20,110
231.0,-20,110
90.0,-20,110
708.0,-20,167
1510.0,-19,-36
1510.0,-19,-36
6052.0,-19,-36
1510.0,-19,-36
9078.0,-19,-36
1510.0,-19,-36
750.0,-19,-35
2370.0,-19,-26
19669.0,-19,12
446.0,-19,110
96.0,-19,110
2624.0,-19,110
4997.0,-19,147
5330.0,-18,-80
13267.0,-18,-77
1201.0,-18,-74
2230.0,-18,-26
12104.0,-18,11
172.0,-18,110
3089.0,-18,110
5359.0,-18,110
11772.0,-18,149
293.0,-17,-151
5722.0,-17,-79
27467.5,-17,-74
3026.0,-17,-33
6052.0,-17,-33
45.0,-17,110
202.0,-17,110
529.0,-17,110
800.0,-17,110
162.0,-17,110
814.0,-17,113
146.0,-17,113
5345.5,-17,146
5131.0,-17,146
498.0,-17,150
338.0,-16,-152
120.0,-16,-34
3030.0,-16,-34
40.0,-16,-34
18160.0,-16,-34
1541.0,-16,-26
572.0,-16,-26
190.0,-16,-26
655.0,-16,-26
250.0,-16,-26
184.0,-16,110
394.0,-16,110
1345.0,-16,110
453.0,-16,110
922.0,-16,152
1608.0,-16,153
35.0,-15,-153
1500.0,-15,-34
3030.0,-15,-34
750.0,-15,-33
1510.0,-15,-33
470.0,-15,-26
1770.0,-15,-26
1740.0,-15,-26
260.0,-15,-26
299.0,-15,114
1666.0,-15,145
610.0,-15,147
466.0,-15,154
853.0,-14,-162
165.0,-14,-153
5148.0,-14,-101
437.5,-14,110
132.0,-14,110
147.0,-14,110
2185.0,-14,110
990.0,-14,110
519.0,-14,110
594.0,-14,110
150.0,-14,110
168.0,-14,110
995.0,-14,114
571.0,-14,114
139.0,-14,114
592.0,-14,114
1197.0,-14,153
96.0,-13,-154
1265.0,-13,-137
750.0,-13,-31
1510.0,-13,-31
949.0,-13,-26
769.0,-13,-26
1380.0,-13,-26
100.0,-13,-26
256.0,-13,-16
125.0,-13,-16
1537.0,-13,-16
416.0,-13,111
532.0,-13,111
2520.0,-13,111
792.0,-13,111
293.0,-13,112
78.0,-13,114
824.0,-13,114
7881.0,-13,114
273.0,-13,114
2248.0,-13,146
632.0,-13,150
595.0,-12,-155
20860.0,-12,-107
6296.0,-12,-96
9080.0,-12,-32
1510.0,-12,-32
3260.0,-12,-26
7292.0,-12,148
1614.0,-12,150
130.0,-11,-155
292.0,-11,-135
1500.0,-11,-32
3030.0,-11,-32
1510.0,-11,-31
2060.0,-11,-26
2270.0,-11,-26
250.0,-11,-26
3170.0,-11,141
60.5,-10,-156
5196.0,-10,-114
127.5,-9,-156
1658.0,-9,-111
43077.0,-9,-88
4539.0,-9,-30
3026.0,-9,-30
141.0,-9,-15
887.0,-9,-15
5261.0,-9,-15
238.0,-9,-15
730.0,-8,-156
1510.0,-8,-30
6050.0,-8,-30
1510.0,-8,-30
437.5,-7,-156
3632.0,-7,-123
475.0,-7,-83
1375.0,-7,-82
6052.0,-7,-30
265.0,-7,-26
3870.0,-7,-26
8790.0,-7,-26
360.0,-7,-26
695.0,-7,153
510.0,-6,-156
4227.0,-6,-116
2000.0,-6,-83
2175.0,-6,-82
2269.5,-6,-30
83.0,-6,160
1265.0,-5,-155
69596.0,-5,-118
59665.0,-5,-87
27.0,-5,176
33.0,-5,178
1781.6666666666667,-4,-155
35161.0,-4,-123
18160.0,-4,-29
39.0,-4,160
185.0,-4,175
50.0,-4,178
7600.0,-3,-156
7395.0,-3,-155
11345.5,-3,-28
10591.0,-3,-28
2269.5,-3,-28
31773.0,-3,-28
120.0,-3,-28
3640.0,-3,-26
1464.0,-3,160
70.0,-3,177
5830.0,-2,-156
224691.0,-2,-86
9467.0,-2,-25
10078.7,-2,-25
15923.3,-2,-25
29186.1,-2,-25
12425.4,-2,-25
21674.4,-2,-25
7836.7,-2,-25
1495.0,-2,-25
1307.9,-2,-25
110.0,-2,176
160.0,-2,177
1092.0,-2,178
6045.0,-1,-156
6050.0,-1,-27
6050.0,-1,-27
32529.5,-1,-26
3631.0,-1,-26
7262.0,-1,-26
4624.0,-1,-26
35622.333333333336,-1,-26
30260.0,-1,-26
4146.0,-1,-26
18145.0,-1,-25
69598.0,-1,-9
375.0,-1,141
375.0,-1,141
231.0,-1,141
232.0,-1,141
220.0,-1,141
220.0,-1,141
180.0,-1,141
180.0,-1,141
198.0,-1,141
199.0,-1,141
115.0,-1,149
514.0,-1,173
190.5,-1,176
17045.0,0,-156
4300.0,0,-155
1619.0,0,-26
1610.0,0,-26
6830.0,0,-26
2440.0,0,-26
4985.0,0,-26
1710.0,0,-26
85.0,0,175
8662.5,1,-156
8539.0,1,-130
24437.0,1,-125
12186.0,1,-121
3104.0,1,-118
8838.0,1,-113
11021.0,1,-107
3618.0,1,-104
3284.0,1,-101
20.0,1,-26
9079.5,1,-26
3030.0,1,-26
13617.0,1,-26
7565.0,1,-26
18156.0,1,-26
56703.0,1,-26
3318.0,1,93
48.0,1,142
14.0,1,144
13.0,1,151
648.0,1,166
879.0,1,174
207.5,1,175
181.0,1,178
958.0,2,-166
6677.5,2,-155
7151.0,2,-150
13938.0,2,-149
498.0,2,-139
12464.0,2,-135
3991.0,2,-81
12860.5,2,-25
39338.0,2,-25
493.0,2,64
789.0,2,64
197.0,2,64
4892.0,2,90
1584.0,2,91
194.0,2,124
24.0,2,139
59.0,2,141
197.3333333333333,2,141
318.6666666666667,2,141
142.0,2,141
28.0,2,141
2560.0,3,-158
2686.0,3,-156
9700.0,3,-155
1117.0,3,-130
1098.0,3,-98
1475.0,3,-27
3983.1,3,-26
7100.2,3,-26
7544.0,3,-26
500.7,3,-26
800.4,3,-26
60.0,3,-13
4320.0,3,86
11949.0,3,87
5610.0,3,88
6140.0,3,89
68.0,3,174
255.0,4,-166
520.0,4,-156
760.0,4,-155
10848.0,4,84
6743.0,4,85
425.0,4,170
94.5,4,173
31.5,5,-155
301.0,5,-128
1500.0,5,-25
4540.0,5,-25
1510.0,5,-24
1060.0,5,-17
12236.0,5,81
10198.5,5,82
6681.0,5,83
436.5,5,172
3795.0,6,-150
361.0,6,-91
4270.0,6,-29
4560.2,6,-27
4193.8,6,-27
8765.7,6,-27
343.4,6,-27
626.8,6,-27
8321.5,6,-24
3782.5,6,-24
1339.5,6,64
2346.0,6,64
177.0,6,64
48.0,6,171
160.0,6,172
281.0,6,173
340.0,7,-179
35.0,7,-156
48.0,7,-155
203.0,7,-126
178.0,7,-84
262.0,7,-80
861.0,7,-28
2044.0,7,-28
2156.0,7,-28
6867.0,7,-28
640.0,7,-28
2449.4,7,-27
7100.2,7,-27
5141.5,7,-27
489.2,7,-27
476.2,7,-27
3026.0,7,-23
4540.0,7,-23
12100.0,7,-23
2269.5,7,-23
510.0,7,78
18.0,7,120
54.0,7,171
130.0,8,-155
655.0,8,-138
705.0,8,-31
816.0,8,-31
924.0,8,-31
1787.0,8,-31
333.0,8,-31
332.0,8,74
373.5,8,171
179.0,8,176
189.0,9,-156
386.0,9,-150
6052.0,9,-23
6050.0,9,-23
28747.0,9,-23
10590.0,9,-23
22100.0,9,65
22100.0,9,65
20800.0,9,65
2106.0,9,70
1771.0,9,71
330.0,9,73
360.0,9,170
33.0,10,-173
164.0,10,-156
292.0,10,-156
3691.3,10,-28
11984.9,10,-28
13411.6,10,-28
998.5,10,-28
619.8,10,-28
5295.5,10,-21
18156.0,10,-21
11700.0,10,64
691.0,10,64
3700.0,10,64
99.0,10,64
2064.0,10,65
2925.0,10,66
11552.0,10,68
150.0,10,170
480.0,11,-156
9068.2,11,-28
11955.5,11,-28
16136.9,11,-28
1065.0,11,-28
1462.5,11,-28
5294.5,11,-22
116500.0,11,-22
3026.0,11,-22
15354.0,11,61
1875.0,11,62
9240.0,11,63
872.0,11,152
233.0,11,169
297.0,11,170
203.0,12,-176
2263.0,12,-33
1240.0,12,-33
8979.0,12,-33
711.0,12,-33
4850.0,12,-31
7565.0,12,-21
16643.0,12,-21
1079.0,12,43
2310.0,12,44
424.0,12,45
363.0,12,46
390.0,12,48
15345.5,12,51
40232.0,12,52
60864.0,12,53
29515.0,12,54
40655.0,12,55
22620.0,12,57
29880.0,12,58
14118.0,12,59
434.0,12,169
599.0,13,-174
408.0,13,-156
2151.0,13,-155
661.0,13,-117
1194.3,13,-29
5890.0,13,-29
8068.4,13,-29
2048.1,13,-29
1203.8,13,-29
19669.0,13,-22
1500.0,13,-22
4540.0,13,-21
442.0,13,168
183.0,14,-168
952.0,14,-156
1647.0,14,-34
945.0,14,-34
594.0,14,-31
670.0,14,-31
1702.0,14,-31
1220.0,14,-31
398.0,14,-31
1324.5,14,64
260.0,14,64
260.0,14,64
494.0,14,64
493.0,14,64
15100.0,14,65
20300.0,14,65
300.0,14,65
535.0,14,166
470.0,14,167
58.0,15,-156
119.0,15,-96
11672.9,15,-29
8590.1,15,-29
12024.6,15,-29
1459.8,15,-29
1282.3,15,-29
5295.5,15,61
14373.5,15,61
6052.0,15,61
1510.0,15,61
750.0,15,61
750.0,15,61
750.0,15,61
1609.0,15,164
301.0,15,166
675.0,16,-167
493.0,16,-162
616.0,16,-157
1139.0,16,-111
1102.0,16,59
2050.0,16,59
504.0,16,59
117.0,16,59
3782.5,16,60
750.0,16,60
790.0,16,60
1510.0,16,60
1224.0,16,60
1079.0,16,60
2269.5,16,60
225.0,16,60
208.0,16,60
3300.0,16,61
4300.0,16,61
300.0,16,61
14200.0,16,62
1000.0,16,62
149.0,16,165
977.0,17,-165
198.0,17,-156
4774.0,17,-36
2486.0,17,-36
2960.0,17,-36
394.0,17,-36
2218.8,17,-29
671.2,17,-29
6030.6,17,-29
291.7,17,-29
563.8,17,-29
19669.0,17,-22
13617.0,17,-22
3212.0,17,40
27234.0,17,56
2520.6666666666665,17,56
9834.5,17,56
1257.6666666666667,17,56
7565.0,17,56
2455.375,17,56
750.0,17,56
750.0,17,56
1319.875,17,56
3024.5,17,56
750.0,17,56
3026.0,17,56
1510.0,17,56
1510.0,17,56
15886.5,17,57
564.0,17,57
5547.666666666667,17,57
750.0,17,57
3026.0,17,57
750.0,17,57
2265.1666666666665,17,57
750.0,17,57
3782.5,17,57
11725.75,17,57
27.0,17,57
1509.75,17,57
860.0,17,58
7900.0,17,58
4250.0,17,58
1700.0,17,58
530.0,17,58
9078.0,17,59
750.0,17,59
4539.0,17,59
8450.0,17,59
3026.0,17,59
260.0,17,59
13900.0,17,60
1300.0,17,60
156.0,17,149
84.0,17,164
108.0,18,-156
1430.0,18,-34
4158.0,18,39
813.0,18,40
4536.625,18,57
4538.25,18,57
2457.875,18,57
2266.25,18,57
1510.0,18,57
750.0,18,57
700.0,18,58
1000.0,18,58
1525.0,18,119
447.0,18,128
33.0,18,163
1117.0,18,179
1925.0,19,-162
144.0,19,-156
1546.0,19,-106
2678.3,19,-29
3272.8,19,-29
3323.2,19,-29
165.1,19,-29
245.9,19,-29
67328.5,19,-21
10590.0,19,-21
26477.5,19,-21
10590.0,19,-21
1212.0,19,38
2436.0,19,39
5550.0,19,58
660.0,19,58
1320.0,19,65
190.0,19,65
514.0,19,161
10.0,19,161
51.0,20,-156
46.0,20,-156
77.66666666666667,20,-156
86.0,20,-156
114.66666666666669,20,-156
71.0,20,-156
78.0,20,-156
88.0,20,-156
94.66666666666669,20,-156
15.0,20,-156
9078.0,20,-21
12104.0,20,-21
6052.0,20,-21
2611.0,20,38
790.0,20,60
660.0,20,60
22.0,21,-155
2467.0,21,-36
2886.8,21,-28
2384.4,21,-28
446.6,21,-28
100.3,21,-28
103.7,21,-28
3030.0,21,-22
3222.0,21,38
29.0,21,61
150.0,21,61
580.0,21,61
87.0,21,61
52.0,21,63
47.0,21,63
3445.0,21,63
51.0,21,63
44.0,21,159
100.0,22,-160
40.0,22,-160
1186.5,22,-159
2831.5,22,-159
2181.0,22,-159
3385.25,22,-159
874.0,22,-159
300.5,22,-159
372.0,22,-159
58.5,22,-159
390.0,22,-159
332.5,22,-159
158.0,22,-159
527.5,22,-159
3186.5,22,-159
2076.0,22,-159
1865.5,22,-159
812.0,22,-159
137.5,22,-159
390.3333333333333,22,-159
239.0,22,-159
216.0,22,-159
318.0,22,-159
161.0,22,-159
1287.0,22,-159
3884.5,22,-159
959.0,22,-159
3329.5,22,-159
870.5,22,-159
540.0,22,-159
1104.3333333333333,22,-159
140.75,22,-159
478.5,22,-159
349.0,22,-159
129.0,22,-159
13032.0,22,-159
2029.0,22,-159
3085.0,22,-159
3771.0,22,-159
288.0,22,-159
2024.3333333333333,22,-159
113.75,22,-159
548.5,22,-159
258.0,22,-159
201.0,22,-159
272.0,22,-159
12421.5,22,-159
1642.0,22,-159
2303.5,22,-159
1571.5,22,-159
521.0,22,-159
2058.6666666666665,22,-159
406.0,22,-159
2667.5,22,-159
1956.0,22,-159
203.0,22,-159
595.0,22,-159
4884.5,22,-159
4141.0,22,-159
3452.0,22,-159
3519.5,22,-159
870.5,22,-159
3327.0,22,-159
1391.5,22,-159
3975.5,22,-159
2350.0,22,-159
999.5,22,-159
180.0,22,-159
820.0,22,-159
1149.0,22,-159
458.0,22,-159
2275.75,22,-159
1575.0,22,-159
766.0,22,-159
1374.3333333333333,22,-159
2441.0,22,-159
427.5,22,-159
370.5,22,-159
65.0,22,-159
141.5,22,-159
236.0,22,-159
419.5,22,-159
2425.0,22,-159
195.5,22,-159
968.3333333333334,22,-159
727.5,22,-159
360.0,22,-159
122.0,22,-159
41.0,22,-159
80.0,22,-158
500.0,22,-158
300.0,22,-158
180.0,22,-157
100.0,22,-157
75.0,22,-155
3659.0,22,-34
3095.0,22,-34
8579.0,22,-34
332.0,22,-34
1465.9,22,-28
2001.7,22,-28
2240.8,22,-28
369.8,22,-28
130.2,22,-28
948.0,22,37
900.0,22,66
408.0,22,66
740.0,22,66
635.5,22,66
1305.0,22,66
1776.0,22,66
3155.0,22,66
1056.6666666666667,22,66
249.0,22,66
67.0,22,66
70.0,22,158
380.0,23,-159
7.0,23,-155
5740.0,23,-37
4540.0,23,-22
4540.0,23,-22
1120.0,23,64
992.0,23,64
1368.0,23,64
1368.0,23,64
3350.0,23,64
3150.0,23,64
650.0,23,64
360.0,23,64
186.0,23,64
684.0,23,66
385.0,23,66
665.0,23,66
728.0,23,66
3373.0,23,66
1620.0,23,66
145.0,23,66
66.0,23,66
85.0,23,156
183.0,24,-155
159.33333333333334,24,-155
73.33333333333333,24,-155
126.0,24,-155
376.0,24,-155
30.0,24,-155
81.0,24,-155
204.0,24,-155
88.0,24,-155
20.0,24,-155
2202.0,24,-33
4374.0,24,-33
6146.0,24,-33
2441.0,24,-33
8321.5,24,-22
6052.0,24,-22
28676.7,24,-22
19669.0,24,-22
200.0,24,-22
2269.5,24,-21
750.0,24,-21
712.0,24,36
85.0,24,64
162.0,24,64
72.0,24,64
64.0,24,64
240.0,24,66
123.0,24,66
240.0,24,66
148.0,24,66
72.0,24,66
82.0,24,66
180.0,24,155
18.0,25,-155
2662.6,25,-27
5040.3,25,-27
159.4,25,-27
57.3,25,-27
27.8,25,-27
4399.0,25,121
2933.0,25,121
11731.0,25,121
2933.0,25,121
2933.0,25,121
1833.0,25,122
2095.0,25,122
1375.0,25,122
6150.0,25,129
5960.5,25,141
48.0,25,154
1177.0,26,-31
2089.0,26,-31
4559.2,26,-26
5008.2,26,-26
903.1,26,-26
18.5,26,-26
6050.0,26,-22
3030.0,26,-22
3990.0,26,34
286.0,26,152
1510.0,27,-22
3030.0,27,-22
3782.5,27,-22
2664.0,27,33
11731.0,27,125
2933.0,27,125
396.0,27,150
303.6,28,-25
604.7,28,-25
188.3,28,-25
30217.0,28,32
86204.0,28,33
20530.0,28,123
17597.0,28,123
2933.0,28,123
10998.0,28,123
15397.0,28,125
8799.0,28,125
17597.0,28,125
1760.0,28,127
3299.0,28,127
7433.333333333333,28,141
1798.0,28,149
24.0,29,-156
27.0,29,-156
39.0,29,-156
79.0,29,-156
162.0,29,-156
200.0,29,-156
1550.0,29,-156
144.0,29,-156
102.66666666666669,29,-156
4790.0,29,-37
4880.0,29,-37
2071.0,29,-37
3133.0,29,-37
8707.0,29,-37
8228.0,29,-37
1055.0,29,-27
721.0,29,-27
596.0,29,-27
3636.0,29,-27
641.0,29,-27
4376.0,29,-24
1095.7,29,-24
70.4,29,-24
157.8,29,-24
1500.0,29,-22
1500.0,29,-22
1891.25,29,-21
6200.0,29,32
7754.987665,29,34
23174.1845,29,34
22459.474075,29,34
9520.3106875,29,34
3860.78323275,29,34
1889.698231,29,34
2777.932584,29,34
3183.122847,29,34
4478.809811,29,34
6521.21497925,29,34
22300.57116,29,34
47346.942905,29,34
8578.719294,29,34
2116.399527,29,34
1511.758585,29,34
4056.34547,29,34
4296.770153,29,34
2416.706867,29,34
9221.892923,29,34
7720.201978999999,29,34
20183.88259,29,34
24464.259225,29,34
7606.6792705,29,34
3539.53287725,29,34
2016.333419,29,34
3109.066025,29,34
3748.182925,29,34
2953.061414,29,34
5418.44434,29,34
26177.831169999998,29,34
46464.107449999996,29,34
6510.769231,29,34
2693.131236,29,34
4745.242225,29,34
4031.8877095,29,34
5823.813606,29,34
7019.67307,29,34
23558.49307,29,34
9065.851133,29,34
4353.725678749999,29,34
4132.671657999999,29,34
9249.665155,29,34
2462.3511614999998,29,34
3309.433645,29,34
4652.2540055,29,34
23268.53865,29,34
13387.65011,29,34
7699.654316,29,34
19171.22841,29,34
28528.3240725,29,34
9344.395413166667,29,34
4312.3531812500005,29,34
6910.896388,29,34
7532.102698,29,34
2433.2127920000003,29,34
10145.96284,29,34
5138.0089385,29,34
15325.0835,29,34
44075.99881,29,34
17156.35488,29,34
17318.2059385,29,34
11469.54119775,29,34
8680.431105,29,34
10822.10823,29,34
5791.606555,29,34
7041.791792,29,34
8364.32569925,29,34
25061.36783,29,34
12862.33328,29,34
8657.839146,29,34
20648.787375,29,34
19544.992529,29,34
13745.263673666666,29,34
14914.834636500002,29,34
14136.94699,29,34
22349.688785,29,34
13985.417914,29,34
5465.136736,29,34
5689.8962615,29,34
24249.671410000003,29,34
41790.15154,29,34
10725.623683,29,34
13901.866752833332,29,34
8110.56697875,29,34
7149.628487,29,34
15308.13999,29,34
7889.8198434999995,29,34
2623.541389,29,34
2322.43925025,29,34
22886.39111,29,34
24624.14251,29,34
15941.677895,29,34
9192.01633125,29,34
13644.7828295,29,34
4825.408788000001,29,34
2429.579012,29,34
4168.414641,29,34
2091.098939,29,34
1476.827934,29,34
1330.394464,29,34
26930.05606,29,34
42993.49759,29,34
14170.0,29,140
8280.0,29,141
2772.5,29,147
1902.0,29,149
25.0,30,-155
4540.0,30,-22
31020.0,30,-22
133.35,30,18
355.6,30,18
88.9,30,18
1355.74,30,18
373.38,30,18
1237.2,30,19
414.87,30,19
1911.36,30,20
5499.0,30,127
8249.0,30,127
2200.0,30,127
4888.0,30,127
1151.0,30,146
180.0,31,-155
1214.5,31,-23
670.3,31,-23
2101.1,31,-23
100.5,31,-23
750.0,31,-22
503.77,31,15
22.23,31,16
103.01,31,16
622.305,31,16
527.7049999999999,31,16
22.23,31,16
81.49000000000001,31,16
755.66,31,16
88.9,31,17
53.34,31,17
555.63,31,17
266.7,31,17
226.5,31,17
613.415,31,18
997.91,31,18
405.015,31,18
474.135,31,18
362.27,31,18
812.74,31,18
228.6,31,18
533.405,31,19
1911.36,31,19
533.4,31,19
22.23,31,19
462.28,31,19
88.9,31,19
1155.71,31,19
651.94,31,19
1044.58,31,19
35194.0,31,125
41793.0,31,125
7332.0,31,125
16800.0,31,129
15095.333333333334,31,140
2952.0,31,144
1163.0,31,146
182.0,32,-155
37005.25,32,-65
36169.333333333336,32,-65
27540.5,32,-65
67994.0,32,-65
7034.0,32,-65
4940.666666666667,32,-65
2198.0,32,-65
135.0,32,-65
5330.0,32,-65
5286.0,32,-65
10800.333333333334,32,-65
1259.0,32,-65
22764.0,32,-65
18627.0,32,-65
24091.25,32,-65
36860.5,32,-65
50085.25,32,-65
47776.0,32,-65
7357.0,32,-65
2507.0,32,-65
871.0,32,-65
4352.333333333333,32,-65
3146.5,32,-65
11547.666666666666,32,-65
17366.0,32,-65
32231.666666666668,32,-65
31290.0,32,-65
20959.0,32,-65
70004.75,32,-65
15421.0,32,-65
4984.666666666667,32,-65
1085.0,32,-65
845.5,32,-65
1620.6666666666667,32,-65
6119.5,32,-65
5663.666666666667,32,-65
55220.0,32,-65
18346.0,32,-65
23500.5,32,-65
25036.0,32,-65
49031.5,32,-65
43980.0,32,-65
13878.666666666666,32,-65
1667.5,32,-65
1887.5,32,-65
5443.0,32,-65
252.0,32,-65
9490.0,32,-65
44554.0,32,-65
22907.75,32,-65
29231.0,32,-65
41179.0,32,-65
13194.5,32,-65
13507.0,32,-65
15303.0,32,-65
429.5,32,-65
1353.0,32,-65
2092.0,32,-65
3792.0,32,-65
1173.3333333333333,32,-65
28774.0,32,-65
6922.0,32,-65
37471.0,32,-65
15631.0,32,-65
15913.0,32,-65
21334.25,32,-65
1760.0,32,-65
4672.0,32,-65
755.0,32,-65
2845.0,32,-65
135.0,32,-65
184.5,32,-65
27249.0,32,-65
10837.666666666666,32,-65
9314.0,32,-65
3488.5,32,-65
252.0,32,-65
1510.3333333333333,32,-65
252.0,32,-65
126.0,32,-65
801.0,32,-65
126.0,32,-65
503.0,32,-65
1513.0,32,-18
5295.5,32,-18
296.34,32,14
59.27,32,14
333.38,32,14
59.27,32,14
94.98,32,15
318.56,32,15
311.15,32,15
6489.75,32,15
592.67,32,15
296.34,32,15
711.21,32,15
152.29,32,16
555.63,32,16
29.63,32,16
44.45,32,16
281.52,32,17
217.56,32,17
170.39499999999998,32,17
177.8,32,17
444.5,32,17
255.59,32,17
1689.11,32,19
1540.95,32,19
2370.68,32,19
711.21,32,19
1333.51,32,19
688.98,32,19
70.5,32,20
1664.0,32,20
247.5,32,20
917.0,32,20
5367.0,32,20
781.5,32,20
508.5,32,20
213.0,32,21
117.0,32,21
981.0,32,22
341.0,32,22
3697.0,32,22
2686.0,32,22
2176.0,32,22
4244.5,32,23
3434.0,32,23
1834.5,32,23
3121.5,32,23
1962.0,32,23
5759.0,32,23
1792.0,32,23
299.0,32,23
2794.0,32,24
3426.5,32,24
3370.0,32,24
1568.0,32,24
2702.0,32,24
6470.0,32,24
627.0,32,24
127.0,32,24
16470.0,32,28
10608.0,32,30
10998.0,32,125
4399.0,32,125
10998.0,32,125
14664.0,32,125
17597.0,32,127
43993.0,32,127
8799.0,32,127
2200.0,32,127
15840.0,32,129
9727.5,32,140
19800.0,32,142
294.0,33,-155
3335.0,33,-23
191.2,33,-23
217.0,33,-23
317.0,33,-23
124.6,33,-23
34800.0,33,-22
68300.0,33,-22
74300.0,33,-22
105500.0,33,-22
80300.0,33,-22
37800.0,33,-22
21000.0,33,-22
7560.0,33,-21
103.0,33,21
993.0,33,21
2062.0,33,21
609.0,33,21
943.0,33,21
3149.0,33,21
1365.0,33,21
994.0,33,22
1115.0,33,22
1896.0,33,22
498.0,33,22
1201.0,33,22
702.0,33,22
1232.0,33,22
14688.0,33,25
10866.0,33,28
6882.0,33,28
33141.0,33,28
17801.0,33,28
28814.0,33,28
40887.0,33,28
41179.0,33,28
37614.0,33,28
37835.0,33,28
35793.0,33,30
22509.0,33,30
21753.0,33,30
27857.0,33,30
42988.0,33,30
21300.0,33,34
18157.0,33,35
46437.0,33,124
42160.0,33,124
34217.0,33,124
4399.0,33,124
4972.75,33,140
3290.0,33,141
8.0,34,-155
279.0,34,-155
182.0,34,-155
1386.0,34,-155
6225.0,34,-155
6556.0,34,-155
8762.0,34,-155
2100.0,34,-155
968.0,34,-155
288.0,34,-155
480.0,34,-76
240.0,34,-76
960.0,34,-76
240.0,34,-76
160.0,34,-76
120.0,34,-76
120.0,34,-76
240.0,34,-76
520.0,34,-75
520.0,34,-75
640.0,34,-75
480.0,34,-75
240.0,34,-75
960.0,34,-75
120.0,34,-75
1080.0,34,-74
1080.0,34,-74
1220.0,34,-74
1340.0,34,-74
1480.0,34,-74
840.0,34,-74
360.0,34,-74
240.0,34,-74
3026.0,34,-22
1500.0,34,-22
58100.0,34,-22
55700.0,34,-22
38300.0,34,-22
6052.0,34,-22
19669.0,34,-22
35400.0,34,-22
10200.0,34,-22
6600.0,34,-22
2444.0,34,19
2571.0,34,19
1297.0,34,19
1003.0,34,19
71.0,34,19
17.0,34,19
37.0,34,19
117.0,34,19
13588.0,34,21
4987.0,34,21
8794.0,34,21
5813.0,34,21
4234.0,34,21
1184.0,34,21
97.0,34,21
90.0,34,21
22.0,34,21
16285.0,34,22
18897.0,34,24
32965.0,34,24
37961.0,34,26
36761.0,34,26
63052.0,34,26
29810.0,34,32
160.0,34,32
5090.0,34,32
19694.0,34,32
310.0,34,32
3970.0,34,32
31840.0,34,32
32073.0,34,32
900.0,34,32
7235.0,34,32
25874.0,34,32
3780.0,34,32
6425.0,34,32
20410.0,34,32
27520.0,34,32
2160.0,34,32
19880.0,34,32
27651.0,34,32
1370.0,34,32
39610.0,34,32
1100.0,34,32
380.0,34,32
13010.0,34,32
4545.0,34,32
470.0,34,32
1600.0,34,32
1240.0,34,32
32390.0,34,33
1585.0,34,33
6350.0,34,33
26770.0,34,33
3160.0,34,33
1150.0,34,33
6870.0,34,33
23800.0,34,33
4120.0,34,33
11625.0,34,139
6115.0,34,140
888.0,35,-155
5210.0,35,-30
16643.0,35,-21
6270.6,35,-21
6033.6,35,-21
190.2,35,-21
54468.0,35,-21
323.6,35,-21
38.6,35,-21
2269.5,35,-20
6808.5,35,-20
6048.0,35,-8
20465.0,35,-6
38915.0,35,-6
57594.0,35,-6
9491.0,35,-6
5524.0,35,-6
19224.0,35,15
462.0,35,17
11729.0,35,17
8798.0,35,17
13956.0,35,17
2667.0,35,17
11035.0,35,17
8292.0,35,17
25684.0,35,17
12822.0,35,17
69.0,35,17
4692.0,35,17
785.0,35,17
426.0,35,17
77.0,35,17
313.0,35,17
2230.0,35,17
155.0,35,17
22.0,35,17
134.0,35,17
18962.0,35,18
18468.0,35,18
21129.0,35,18
4664.0,35,18
27228.0,35,18
9464.0,35,18
22723.0,35,18
86.0,35,18
35081.0,35,18
334.0,35,18
44.0,35,18
79280.0,35,18
86429.0,35,18
21877.0,35,18
127.0,35,18
6948.0,35,18
140.0,35,18
5436.0,35,19
5005.0,35,19
8598.0,35,19
7024.0,35,19
1605.0,35,19
829.0,35,19
93.0,35,19
202.0,35,19
12771.0,35,20
9485.0,35,20
9191.0,35,20
11318.0,35,20
42937.0,35,20
4523.0,35,20
44943.0,35,20
824.0,35,20
230.0,35,20
77.0,35,20
65146.0,35,20
51.0,35,20
6690.0,35,21
1906.0,35,21
7421.0,35,21
5393.0,35,21
1257.0,35,21
310.0,35,21
59.0,35,21
79.0,35,21
17153.0,35,22
12927.0,35,22
11618.0,35,22
9297.0,35,22
5096.0,35,22
3477.0,35,22
83.0,35,22
97.0,35,22
13170.0,35,23
15540.0,35,23
14320.0,35,23
23830.0,35,23
2120.0,35,23
2500.0,35,25
4720.0,35,25
1540.0,35,25
2600.0,35,25
5780.0,35,25
5200.0,35,25
4240.0,35,25
46710.0,35,26
55800.0,35,26
5280.0,35,27
38920.0,35,27
14700.0,35,27
33330.0,35,27
47170.0,35,27
19070.0,35,27
8389.333333333334,35,141
1737.4,36,-21
7365.3,36,-21
344.7,36,-21
46.7,36,-21
34.8,36,-21
23632.0,36,-7
46537.0,36,-7
52574.0,36,-7
61690.0,36,-7
127861.0,36,-6
39615.0,36,-6
132390.0,36,-6
37870.0,36,-6
16541.0,36,-6
13750.0,36,-5
20674.0,36,-5
12538.0,36,-5
32205.0,36,-5
1845.0,36,-2
13499.0,36,-2
5942.0,36,-2
3116.0,36,0
7667.0,36,2
4923.07692307692,36,13
12521.7391304348,36,13
17808.6956521739,36,13
16924.4444444445,36,13
3047.61904761905,36,13
2458.94736842105,36,13
492.307692307692,36,13
938.0,36,14
8888.88888888889,36,15
6880.0,36,15
4928.0,36,15
13226.6666666667,36,15
640.0,36,15
384.0,36,15
32.0,36,15
3242.66666666667,36,17
5200.0,36,17
3316.36363636364,36,17
3764.70588235294,36,17
3253.33333333333,36,17
1280.0,36,17
1240.0,36,17
14544.0,36,18
17692.0,36,18
51831.0,36,18
13630.0,36,21
21720.0,36,21
19170.0,36,21
19890.0,36,21
12670.0,36,21
12500.0,37,-22
4200.0,37,-22
15000.0,37,-22
7800.0,37,-22
1800.0,37,-22
600.0,37,-22
5295.5,37,-21
1510.0,37,-20
1510.0,37,-20
17574.0,37,-1
23610.0,37,-1
25224.0,37,-1
18618.0,37,-1
10484.0,37,-1
8771.0,37,1
10481.0,37,1
14123.0,37,1
29942.0,37,1
12872.0,37,1
79244.0,37,1
152103.0,37,1
30643.0,37,1
32398.0,37,1
7169.0,37,1
8471.0,37,1
2516.0,37,4
2040.0,37,6
7540.0,37,8
1419.0,37,10
3626.66666666667,37,11
7168.0,37,11
11520.0,37,11
13056.0,37,11
7466.66666666667,37,11
2474.66666666667,37,11
512.0,37,11
12972.0,37,12
6607.0,37,12
5047.0,37,12
34090.0,37,12
3800.0,37,12
17393.0,37,12
26552.0,37,19
18234.0,37,19
1690.0,37,23
1970.0,37,23
8670.0,37,24
3177.75,37,24
1740.630952380952,37,24
24104.714285714283,37,24
3316.0,37,24
1927.8583333333331,37,24
2523.9,37,24
20319.85714285714,37,24
23924.0,37,24
1057.0,37,24
1657.0,37,24
18090.0,37,24
23171.625,37,24
4537.0,37,24
2636.722222222222,37,24
3277.5,37,24
16527.0,37,24
2771.0,37,24
1413.0,37,24
21323.0,37,24
3376.0,37,24
3200.5,37,24
3708.5,37,24
3124.333333333333,37,24
399.0,37,24
25639.5,37,24
3504.5,37,24
2093.875,37,24
10565.0,37,24
29092.0,37,24
1366.5,37,24
3981.0,37,24
9569.0,37,24
3660.5,37,24
7836.0,37,24
1569.0,37,24
387.5,37,24
5202.0,37,25
990.1666666666666,37,25
11022.5,37,25
3687.1666666666665,37,25
2408.0,37,25
4102.0,37,25
23163.0,37,25
6454.0,37,25
2513.1666666666665,37,25
17376.0,37,25
1321.0,37,25
2152.833333333333,37,25
3743.0,37,25
1476.0,37,25
9218.666666666666,37,141
750.0,38,-21
1785.0,38,-21
2268.0,38,-21
1561.0,38,-21
1500.0,38,-21
1783.0,38,-21
7186.75,38,-21
701.9,38,-19
514.5,38,-19
2493.1,38,-19
7256.9,38,-19
631.8,38,-19
15404.0,38,5
18957.0,38,5
2335.0,38,5
2312.0,38,5
56234.0,38,5
1519.0,38,5
32908.0,38,5
2712.0,38,5
4793.0,38,5
4592.0,38,5
14055.0,38,5
10862.0,38,5
42592.0,38,9
18673.0,38,9
57091.0,38,9
9660.0,38,9
20249.0,38,10
8369.23076923077,38,10
7964.44444444445,38,10
18432.0,38,10
5120.0,38,10
5833.0,38,10
782.222222222222,38,10
290.909090909091,38,10
192.0,38,10
24746.0,38,11
27640.0,38,11
5055.839598997491,38,12
4347.468983333333,38,12
11037.653958944284,38,12
3685.829,38,12
10336.0,38,12
13073.321033333334,38,12
8975.238095238079,38,12
3721.5932333333335,38,12
6861.81818181818,38,12
2312.33316,38,12
1109.3333333333317,38,12
117.331075,38,12
480.0,38,12
109.333325,38,12
3585.1851851851848,38,13
2103.45,38,13
3590.32967032967,38,13
565.3152200000001,38,13
9520.0,38,13
379.8493166666667,38,13
17872.0,38,13
3009.207316666667,38,13
3933.56725146199,38,13
2480.3733666666667,38,13
6640.0,38,13
880.0,38,13
104.38096666666668,38,13
64.0,38,13
46.4446,38,13
3160.489083333334,38,14
4596.312816666667,38,14
1972.9703333333327,38,14
19800.55525,38,14
2765.4599833333336,38,14
240.16565,38,14
109.714275,38,14
21259.0,38,18
20296.0,38,18
5589.33333333333,38,18
4316.27906976744,38,18
72771.0,38,18
1432.83582089552,38,18
3946.66666666667,38,18
14967.0,38,18
8087.27272727273,38,18
448.0,38,18
128.0,38,18
2676.6666666666665,38,24
4145.0,38,24
5180.0,38,24
1296.0,38,141
3344.0,39,-155
4240.0,39,-155
3198.0,39,-155
2592.0,39,-155
10175.0,39,-155
20585.0,39,-155
68145.0,39,-155
1972.0,39,-155
675.0,39,-155
464.0,39,-155
225.0,39,-155
9600.0,39,-22
7200.0,39,-22
7800.0,39,-22
5400.0,39,-22
6600.0,39,-22
1800.0,39,-22
99858.0,39,-20
59760.0,39,-20
277.4,39,-18
678.0,39,-18
306.0,39,-18
1075.8,39,-18
24.7,39,-18
32560.0,39,-11
31789.176470588234,39,-10
56027.0,39,-10
26985.222222222223,39,-10
21476.0,39,-10
18702.571428571428,39,-10
3849.0,39,-10
6959.916666666667,39,-10
3243.2,39,-10
8256.0,39,12
1955.55555555556,39,12
1003.92156862745,39,12
3296.0,39,12
14537.1428571429,39,12
576.0,39,12
320.0,39,12
11076.9230769231,39,13
9880.70175438597,39,13
3517.11711711712,39,13
35388.2352941176,39,13
3117.94871794872,39,13
902.013422818792,39,13
731.428571428571,39,13
63025.0,39,18
58258.0,39,18
63104.0,39,18
10600.0,39,23
15800.0,39,23
13440.0,39,23
15030.0,39,23
3080.0,39,23
1730.0,39,23
1160.0,39,23
33140.0,39,24
29800.0,39,24
29030.0,39,24
17730.0,39,24
18630.0,39,24
1410.0,39,24
320.0,39,24
25966.666666666668,39,25
113.33333333333331,39,25
6502.0,39,25
32563.33333333333,39,25
340.0,39,25
625.0,39,25
26686.666666666668,39,25
560.0,39,25
1180.0,39,25
39500.0,39,25
1110.0,39,25
2574.0,39,25
28513.33333333333,39,25
933.3333333333334,39,25
1540.0,39,25
21213.33333333333,39,25
430.0,39,25
696.0,39,25
1350.0,39,25
11000.0,40,-156
2988.0,40,-11
4285.714285714285,40,2
7310.0,40,2
4071.428571428572,40,2
6500.0,40,2
8166.666666666667,40,2
5142.857142857143,40,2
1172.0,40,2
6687.5,40,2
6800.0,40,2
4944.444444444444,40,2
5895.0,40,2
6333.333333333333,40,2
1165.0,40,2
5833.333333333333,40,2
3496.5,40,2
12410.0,40,2
9000.0,40,2
2358.0,40,2
3187.5,40,2
1086.5,40,2
1162.0,40,2
1870.0,40,2
2500.0,40,2
1000.0,40,2
1172.0,40,2
1000.0,40,3
4689.0,40,3
2250.0,40,3
2250.0,40,3
3250.0,40,3
2250.0,40,3
8670.0,40,3
1250.0,40,3
2500.0,40,3
6750.0,40,3
5000.0,40,3
510.0,40,3
1000.0,40,3
4904.67289719626,40,10
6528.0,40,10
1026.73796791444,40,10
9152.0,40,10
995.555555555556,40,10
544.0,40,10
160.0,40,10
9146.0,40,11
5166.0,40,11
37374.219767291666,40,13
8064.202998666666,40,13
115111.555555,40,13
3840.0,40,13
30104.527902142854,40,13
12892.833333333334,40,13
75400.32252500001,40,13
2496.0,40,13
20673.214845000002,40,13
11067.0,40,13
14355.5275875,40,13
8640.0,40,13
23570.7317073171,40,14
19200.0,40,14
12886.4864864865,40,14
7514.28166666667,40,22
19684.8489814815,40,22
419258.382222222,40,22
217464.595925926,40,22
213868.016666667,40,22
21868.486388888883,40,22
513.7970370370375,40,22
19074.715,40,22
16060.0,40,24
393700.0,40,24
393696.97962963,40,24
22800.0,40,24
9900.0,40,24
10789.7377777778,40,24
17280.0,40,24
52090.0,40,24
52086.1746296297,40,24
14770.0,40,24
13170.0,40,24
13166.0490740741,40,24
10660.0,40,24
1990.0,40,24
320.0,40,24
21513.0787037037,40,25
45470.0,40,25
24920.0,40,25
670.0,40,25
72730.0,40,25
35450.0,40,25
770.0,40,25
100.0,40,25
21419.87175925925,40,25
84920.0,40,25
31860.0,40,25
960.0,40,25
39350.0,40,25
290.0,40,25
140.0,40,25
15058.2126851852,40,25
16520.0,40,25
7390.0,40,25
1780.0,40,25
190.0,40,25
13135.8324074074,40,25
15700.0,40,25
15740.0,40,25
580.0,40,25
530.0,40,25
10980.6442592593,40,25
48550.0,40,25
6100.0,40,25
9060.0,40,25
1350.0,40,25
1800.0,40,25
5400.0,41,-21
24000.0,41,-21
15600.0,41,-21
3600.0,41,-21
7800.0,41,-21
3600.0,41,-21
2190.7,41,-17
1651.2,41,-17
6656.5,41,-17
2218.8,41,-17
92.2,41,-17
11700.0,41,-11
3050.0,41,2
9881.25,41,2
3192.3076923076924,41,2
4500.0,41,2
3458.333333333333,41,2
2444.0,41,2
22440.0,41,2
5458.333333333333,41,2
4791.666666666667,41,2
2304.0,41,2
21802.5,41,2
1400.0,41,2
13770.0,41,2
2500.0,41,2
1165.5,41,2
3000.0,41,2
1172.0,41,2
12240.0,41,2
3800.0,41,2
3476.0,41,2
1714.2857142857142,41,2
1250.0,41,2
1179.0,41,2
1632.0,41,2
2687.5,41,2
750.0,41,2
2372.0,41,2
1916.6666666666667,41,2
1159.0,41,2
6438.75,41,3
3060.0,41,3
19890.0,41,3
8160.0,41,3
11220.0,41,3
10965.0,41,3
13464.0,41,3
15937.5,41,3
9690.0,41,3
10710.0,41,3
17850.0,41,3
9690.0,41,3
28050.0,41,3
14535.0,41,3
30600.0,41,3
7076.25,41,3
12240.0,41,3
1530.0,41,3
14790.0,41,3
765.0,41,3
4930.0,41,3
510.0,41,3
1530.0,41,3
1530.0,41,3
19200.0,41,12
2720.0,41,12
2880.0,41,12
6720.0,41,12
29399.967035625,41,13
13330.385085686812,41,13
105605.86432891828,41,13
22422.568175,41,13
15253.384003,41,13
57646.58999532468,41,13
3459.368212142857,41,13
19958.424805000002,41,13
15452.0,41,13
28665.522135833333,41,13
1472.0,41,13
3124.914224166667,41,13
10894.0,41,17
7896.0,41,17
1510.0,42,-21
15000.0,42,-21
15000.0,42,-21
25720.0,42,-21
13800.0,42,-21
9000.0,42,-21
4800.0,42,-21
600.0,42,-21
35555.5,42,-20
16643.0,42,-20
8699.75,42,-20
4989.6,42,-16
6190.8,42,-16
12181.8,42,-16
5742.8,42,-16
217.1,42,-16
791.011235955056,42,10
3227.35042735043,42,10
9600.0,42,10
25182.6086956522,42,10
13777.7777777778,42,10
5696.0,42,11
2152.72727272727,42,11
8843.63636363636,42,11
24064.0,42,11
1723.07692307692,42,11
554.666666666667,42,11
440.0,42,11
11379.0375611641,42,15
8387.89816894796,42,15
11904.063531411,42,15
20351.5483039444,42,15
12648.0675021242,42,15
26040.1389749615,42,15
19344.1032385428,42,15
6026.03571305884,42,15
1009.71967453932,42,15
10618.6482205074,42,15
16432.7157027887,42,16
21747.8083746931,42,16
13123.6774674872,42,16
22320.11912139555,42,16
21479.8682304464,42,16
17919.0,42,16
19344.1032385428,42,16
15927.9723307612,42,16
39432.2104477989,42,16
18352.0979442586,42,16
24800.1323571062,42,16
9954.98270672573,42,16
5799.41556658483,42,16
21328.1138271113,42,16
23808.127062822,42,16
1823.27454330358,42,16
12277.8120049617,42,16
11060.0,43,-156
8321.5,43,-20
243.809523809524,43,8
2173.58490566038,43,8
2560.0,43,8
1622.53521126761,43,8
539.759036144578,43,8
256.0,43,8
128.0,43,8
3751.884057971015,43,9
3907.702479338845,43,9
5656.5163081193605,43,9
11843.6781609195,43,9
5672.72727272727,43,9
1531.1004784689,43,9
640.0,43,9
9569.75,43,15
25468.1030124025,43,15
1117.6,43,15
6663.0,43,15
137664.0,43,15
2222.0,43,15
66919.4,43,15
1102.6666666666667,43,15
6832.5,43,15
70488.5,43,15
26526.9563878973,43,15
9629.0,43,15
13392.0714728374,43,15
18725.5,43,15
402.0,43,15
10525.0,43,15
11279.5,43,15
20768.5,43,15
21342.0,43,15
1361.3333333333333,43,15
11347.0,43,15
2205.0,43,15
661.0,43,15
24552.1310335351,43,15
18369.5,43,15
14681.9425379087,43,15
2068.0,43,15
12334.0,43,15
2524.29918634831,43,15
22816.0,43,15
22931.0,43,15
2464.75161579855,43,15
1543.0,43,15
11408.0,43,15
63360.0,44,-155
39130.0,44,-155
22695.0,44,-125
191646.66666666663,44,-125
219385.0,44,-125
15130.0,44,-125
38300.0,44,-21
46100.0,44,-21
54500.0,44,-21
61100.0,44,-21
10200.0,44,-21
4690.0,44,-20
5312.7,44,-14
4273.3,44,-14
11155.8,44,-14
2116.4,44,-14
25.2,44,-14
90470.0,44,-9
2737.77777777778,44,9
2229.21348314607,44,9
3680.0,44,9
8970.94017094017,44,9
1213.79310344828,44,9
528.440366972477,44,9
192.0,44,9
57264.0,45,-155
39130.0,45,-155
56400.0,45,-155
70455.0,45,-155
49470.0,45,-155
3402.0,45,-155
81.0,45,-155
25.0,45,-155
61.0,45,-155
266481.0,45,13
45600.0,45,13
2801.0,45,13
54853.0,45,13
1223.0,45,13
703.5,45,13
558.0,45,13
611.0,45,13
10228.5,45,13
20838.0,45,13
24677.0,45,13
50344.0,45,13
118469.0,45,13
71526.0,45,13
9926.5,45,13
36042.25,45,13
6429.0,45,13
7816.666666666667,45,13
9539.5,45,13
32530.833333333332,45,13
21531.416666666664,45,13
38641.333333333336,45,13
14950.833333333334,45,13
74071.0,45,13
205288.0,45,13
109133.5,45,13
5976.0,45,13
52230.0,45,13
6204.0,45,13
212.0,45,13
205.0,45,13
23482.333333333332,45,13
53660.333333333336,45,13
20686.5,45,13
58826.0,45,13
98652.5,45,13
7176.0,45,13
20301.5,45,13
1822.0,45,13
5521.0,45,13
2614.0,45,13
875.0,45,13
133115.33333333334,45,13
47453.5,45,13
15577.333333333334,45,13
47642.0,45,13
80470.0,45,13
151200.0,46,-155
67700.0,46,-20
67100.0,46,-20
61100.0,46,-20
64100.0,46,-20
40700.0,46,-20
393380.0,46,-15
162650.0,46,-15
5362.2,46,-13
5309.3,46,-13
5976.0,46,-13
2406.9,46,-13
167.0,46,-13
77000.0,46,-8
126100.0,47,-155
388841.0,47,-21
22700.0,47,-20
19670.0,47,-20
26477.5,47,-19
284444.0,47,-19
118014.0,47,-19
17399.5,47,-19
21180.0,47,-15
55980.0,47,-15
17399.5,47,-14
883.0,47,-14
1633.0,47,-14
1248.0,47,-14
34042.5,47,-14
1106.0,47,-14
57689.4,47,-11
56738.5,47,-11
2878.2,47,-11
30588.1,47,-11
365.7,47,-11
27537.0,47,-7
136600.0,48,-155
124822.5,48,-14
205768.0,48,-14
22700.0,48,-10
27230.0,48,-10
95320.0,48,-9
54865.5,48,-9
49553.7,48,-9
41682.2,48,-9
95320.0,48,-9
26847.8,48,-9
1191.2,48,-9
14973.0,48,-6
130000.0,49,-156
130000.0,49,-156
150000.0,49,-156
110000.0,49,-156
13000.0,49,-156
6700.0,49,-156
6700.0,49,-156
178.0,49,-156
323.0,49,-156
167.0,49,-156
157600.0,49,-155
30246.1,49,-6
43742.5,49,-6
31396.4,49,-6
5924.7,49,-6
8583.3,49,-6
6698.847222222223,50,-5
9906.296474358975,50,-5
25900.218864468865,50,-5
137509.47637362638,50,-5
34648.15811965812,50,-5
18207.83012820513,50,-5
196972.75641025644,50,-5
48896.986298076925,50,-5
81551.13176638176,50,-5
50759.88461538461,50,-5
22646.675961538458,50,-5
9053.861111111111,50,-5
15080.639053230769,50,4
9415.833541102564,50,4
21014.847715708333,50,4
96064.47153482739,50,4
83255.05349967949,50,4
51534.00237956548,50,4
134735.63278389286,50,4
85995.67893468452,50,4
64415.73316173333,50,4
37388.53174617857,50,4
27280.71205065,50,4
12273.223484803031,50,4
105900.0,52,-21
11700.0,52,-20
55378.5,52,2
231600.0,53,-21
41859.66666666666,53,0
211741.3333333333,53,2
395300.0,54,-22
266500.0,54,-22
105000.0,54,-20
181860.0,54,2
638147.6666666666,54,2
344330.0,55,2
180027.33333333334,56,2
34732.0,57,2
128605.0,58,-21
104397.0,58,-21
113475.0,58,-21
113475.0,58,-21
93806.0,58,-21
81702.0,58,-21
31700.0,58,-1
41039.0,58,3
76406.5,59,-21
8300.0,59,-21
139196.0,59,-21
101371.0,59,-21
98960.5,59,-21
85862.75,59,-21
79756.71428571429,59,-21
60520.0,59,-21
76200.0,59,-19
1310500.0,59,-15
64100.0,59,-12
348878.0,59,3
91200.0,60,-19
21200.0,60,-7
1700.0,60,-5
185654.3333333333,60,3
12223.0,61,3
32904.0,61,4
352500.0,62,-15
39401.0,62,4
24400.0,63,-11
3500.0,63,-6
78700.0,63,0
29032.5,63,5
154600.0,64,-2
3900.0,64,3
11935.0,64,5
10919.0,64,6
1900.0,65,-11
30200.0,65,-5
50900.0,65,-4
95400.0,65,-4
12228.0,65,6
15300.0,66,-9
302300.0,66,4
13500.0,66,7
300.0,66,7
1380.0,66,7
100.0,67,-11
506300.0,67,2
118300.0,67,3
3550.0,67,5
411400.0,67,5
3200.0,67,7
29300.0,67,8
1462.0,67,8
2100.0,67,9
3400.0,68,0
99500.0,68,0
4400.0,68,5
86301.0,68,9
20198.0,68,9
60000.0,69,-13
4100.0,69,0
9200.0,69,0
1700.0,69,0
6900.0,69,0
87900.0,69,3
19690.0,69,9
99540.0,69,10
16751.0,69,10
15750.0,69,13
24000.0,69,13
5250.0,69,13
750.0,69,13
2250.0,69,13
53200.0,70,-17
27600.0,70,-13
157700.0,70,-11
50300.0,70,-6
3700.0,70,-6
1000.0,70,5
128740.0,70,10
35520.0,70,11
44458.5,70,11
56596.66666666666,70,13
88993.33333333333,70,13
1875.0,70,13
3000.0,70,13
1800.0,70,13
64030.0,70,15
200.0,70,17
139000.0,71,-15
113000.0,71,-9
400.0,71,-4
38570.0,71,9
7870.0,71,12
118435.0,71,12
47250.0,71,13
15000.0,71,13
3750.0,71,13
750.0,71,13
70870.0,71,14
71990.0,71,14
9750.0,71,14
5250.0,71,14
3000.0,71,14
1500.0,71,14
39370.0,71,15
78740.0,71,16
52250.0,71,16
600.0,71,17
152980.0,71,17
2800.0,71,17
36000.0,71,21
5400.0,72,-14
1100.0,72,-4
12935.0,72,11
97100.0,72,11
12370.0,72,13
35020.0,72,13
182438.0,72,13
25971.11111111111,72,14
7250.0,72,14
1250.0,72,14
3250.0,72,14
1500.0,72,14
1750.0,72,14
39370.0,72,15
12375.0,72,16
9000.0,72,17
3300.0,72,17
34305.0,72,18
20800.0,72,25
1120.0,73,11
3370.0,73,13
12375.0,73,14
89220.0,73,14
13500.0,73,14
3750.0,73,14
1125.0,73,14
1500.0,73,14
4500.0,73,14
113896.0,73,15
61116.66666666666,73,19
100600.0,73,21
1000.0,74,10
1120.0,74,11
500.0,74,12
52100.0,74,13
2810.0,74,13
15000.0,74,13
23600.0,74,14
17496.666666666668,74,14
1500.0,74,14
1200.0,74,14
52743.333333333336,74,14
61495.0,74,14
2500.0,74,14
1125.0,74,14
3750.0,74,14
1300.0,74,15
40947.0,74,16
2149780.0,74,17
16310.0,74,18
36600.0,74,21
2992800.0,74,27
66300.0,75,6
49200.0,75,9
39300.0,75,12
42400.0,75,12
8600.0,75,12
11000.0,75,13
1685.0,75,14
4500.0,75,14
1500.0,75,14
3750.0,75,14
1500.0,75,14
3375.0,75,14
15745.0,75,16
55837.0,75,16
4358930.0,75,17
44200.0,76,8
33100.0,76,12
1120.0,76,14
750.0,76,14
4500.0,76,14
7500.0,76,14
1120.0,76,16
7400.0,76,16
3287.0,76,18
197518.0,76,19
69500.0,77,-5
19700.0,77,-2
24300.0,77,6
25200.0,78,-7
1900.0,78,-6
17000.0,78,-1
424500.0,78,7
1061.0,79,8
926.0,80,19
0.0,20,91
0.0,-65,149
0.0,8,-109
0.0,26,-114
0.0,-69,-174
0.0,-63,19
0.0,-66,-14
0.0,16,87
0.0,24,-112
0.0,-60,-7
0.0,-64,-133
0.0,-62,47
0.0,49,-165
0.0,7,-106
0.0,18,-104
0.0,-66,-32
0.0,13,-94
0.0,-63,-22
0.0,-11,-85
0.0,-64,-34
0.0,-60,121
0.0,14,-99
0.0,-66,14
0.0,55,-143
0.0,21,-108
0.0,-62,4
0.0,-58,80
0.0,14,-98
0.0,-73,-130
0.0,-59,12
0.0,-64,120
0.0,-64,-36
0.0,-25,-72
0.0,-68,-169
0.0,-59,-27
0.0,9,-91
0.0,45,-175
0.0,-58,-7
0.0,49,-171
0.0,-63,32
0.0,-62,-40
0.0,50,-158
0.0,52,-165
0.0,11,95
0.0,50,-155
0.0,15,-96
0.0,-65,9
0.0,56,-82
0.0,51,-176
0.0,-68,23
0.0,-58,-40
0.0,-59,-43
0.0,-62,10
0.0,-36,-73
0.0,-64,8
0.0,-60,44
0.0,-66,-145
0.0,-61,120
0.0,-61,14
0.0,18,-103
0.0,-59,-10
0.0,16,-98
0.0,56,-79
0.0,-64,-19
0.0,27,-111
0.0,14,-103
0.0,-64,-160
0.0,-66,-5
0.0,-67,-46
0.0,-63,71
0.0,13,-121
0.0,-17,-73
0.0,7,-113
0.0,10,-100
0.0,-62,148
0.0,-71,-19
0.0,14,-118
0.0,-61,-47
0.0,16,-95
0.0,50,-167
0.0,72,-147
0.0,-67,22
0.0,17,-112
0.0,7,-138
0.0,-68,171
0.0,-65,176
0.0,17,-109
0.0,-60,60
0.0,-61,2
0.0,-65,-32
0.0,-66,-40
0.0,-62,133
0.0,-27,-71
0.0,-59,-4
0.0,-55,21
0.0,-66,-164
0.0,-66,-34
0.0,28,-112
0.0,-69,-26
0.0,6,91
0.0,-64,167
0.0,-65,82
0.0,-64,13
0.0,-65,-33
0.0,-64,-23
0.0,14,-110
0.0,21,-110
0.0,-60,38
0.0,77,-166
0.0,-65,-45
0.0,-65,-38
0.0,-68,-68
0.0,-67,-30
0.0,-59,-1
0.0,-67,-24
0.0,-66,16
0.0,-61,-36
0.0,12,49
0.0,-55,6
0.0,-61,71
0.0,17,-103
0.0,-63,3
0.0,-65,153
0.0,-66,-165
0.0,7,-103
0.0,-70,-88
0.0,-68,-52
0.0,-63,53
0.0,6,89
0.0,-62,107
0.0,-65,173
0.0,9,-124
0.0,-65,164
0.0,-8,-95
0.0,56,-139
0.0,22,-107
0.0,-57,-4
0.0,-66,-37
0.0,-63,-44
0.0,54,-173
0.0,-68,-69
0.0,-57,15
0.0,16,-99
0.0,-60,-14
0.0,71,-174
0.0,-64,-56
0.0,22,-109
0.0,-64,64
0.0,-60,-8
0.0,-67,2
0.0,-65,-48
0.0,-74,-113
0.0,-62,-12
0.0,54,-149
0.0,-61,-18
0.0,-63,10
0.0,12,-127
0.0,15,88
0.0,10,-91
0.0,10,-129
0.0,-67,-69
0.0,8,-141
0.0,11,-151
0.0,-62,-42
0.0,-60,106
0.0,16,-119
0.0,-18,-72
0.0,52,-153
0.0,-60,-2
0.0,13,-114
0.0,-25,-73
0.0,7,82
0.0,-62,-56
0.0,-65,35
0.0,-68,173
0.0,56,-154
0.0,-73,-141
0.0,-63,4
0.0,-63,153
0.0,13,97
0.0,9,-99
0.0,-64,146
0.0,-62,153
0.0,-61,-45
0.0,-64,-4
0.0,-68,-77
0.0,-61,-15
0.0,12,-101
0.0,-61,66
0.0,-10,113
0.0,-64,118
0.0,-62,80
0.0,9,94
0.0,-58,83
0.0,-63,-38
0.0,-61,-36
0.0,53,-159
0.0,9,-111
0.0,52,-166
0.0,9,-121
0.0,-69,-31
0.0,-68,163
0.0,79,-177
0.0,-74,-128
0.0,-64,-64
0.0,-66,-76
0.0,17,-106
0.0,71,-179
0.0,-65,-166
0.0,-66,-6
0.0,75,84
0.0,-9,-86
0.0,-73,173
0.0,9,-94
0.0,53,-133
0.0,53,-150
0.0,-61,-2
0.0,-64,32
0.0,-66,-71
0.0,-62,98
0.0,21,-107
0.0,11,-115
0.0,-66,-15
0.0,13,-116
0.0,-62,-150
0.0,17,-107
0.0,-69,173
0.0,-69,-71
0.0,-69,20
0.0,11,-93
0.0,-68,-172
0.0,51,-154
0.0,-71,-33
0.0,-59,-36
0.0,-63,-21
0.0,-61,78
0.0,-67,-168
0.0,10,-130
0.0,18,-105
0.0,-69,-43
0.0,40,-125
0.0,-70,-160
0.0,4,91
0.0,-70,-28
0.0,-66,-44
0.0,-59,-46
0.0,-61,7
0.0,-68,5
0.0,-17,-73
0.0,15,-119
0.0,-64,77
0.0,-62,-41
0.0,-62,97
0.0,-72,-127
0.0,-61,16
0.0,-66,-30
0.0,-66,-167
0.0,21,-108
0.0,48,-158
0.0,-65,-26
0.0,8,92
0.0,52,-154
0.0,-58,9
0.0,-70,5
0.0,-60,-20
0.0,-62,64
0.0,-61,-28
0.0,-59,-6
0.0,8,-105
0.0,-59,2
0.0,18,-109
0.0,-71,-19
0.0,-75,174
0.0,-64,114
0.0,19,93
0.0,16,-100
0.0,19,89
0.0,-71,-126
0.0,-67,-172
0.0,-65,1
0.0,57,-79
0.0,-69,19
0.0,-17,-74
0.0,14,91
0.0,-74,-117
0.0,-66,154
0.0,-57,-5
0.0,49,-166
0.0,-64,114
0.0,8,-137
0.0,19,87
0.0,54,-151
0.0,-66,-39
0.0,-63,89
0.0,-61,10
0.0,15,-115
0.0,-59,3
0.0,13,-92
0.0,-70,-79
0.0,-66,155
0.0,14,-113
0.0,-65,-7
0.0,50,-162
0.0,58,-178
0.0,-66,-14
0.0,-73,-127
0.0,-66,-3
0.0,39,170
0.0,-74,171
0.0,-20,-73
0.0,-66,12
0.0,51,-178
0.0,-60,-15
0.0,-60,-44
0.0,-74,-113
0.0,-64,11
0.0,-60,-10
0.0,10,-157
0.0,-67,-71
0.0,18,-104
0.0,-64,-13
0.0,11,-149
0.0,-65,-67
0.0,-63,-19
0.0,-69,165
0.0,-68,-14
0.0,-65,110
0.0,-64,59
0.0,78,-170
0.0,-62,54
0.0,-61,85
0.0,-62,-149
0.0,-65,150
0.0,-65,5
0.0,-62,-47
0.0,48,-161
0.0,-64,-47
0.0,-59,20
0.0,24,-110
0.0,-69,-3
0.0,-59,78
0.0,14,49
0.0,9,-148
0.0,-63,12
0.0,48,-159
0.0,-64,-63
0.0,7,-109
0.0,9,-142
0.0,-67,-148
0.0,-67,-149
0.0,54,-157
0.0,7,113
0.0,13,96
0.0,-61,18
0.0,-65,167
0.0,-60,-39
0.0,-62,76
0.0,8,-126
0.0,-60,85
0.0,9,-99
0.0,-6,-99
0.0,9,-127
0.0,-67,172
0.0,-65,-25
0.0,72,-149
0.0,-60,77
0.0,-67,-36
0.0,15,92
0.0,-64,-5
0.0,51,-180
0.0,-64,-27
0.0,-65,-23
0.0,-9,-82
0.0,-69,-19
0.0,-60,-11
0.0,-63,-29
0.0,12,95
0.0,-59,79
0.0,19,-108
0.0,-63,-37
0.0,-70,171
0.0,-69,-46
0.0,-65,155
0.0,-19,-73
0.0,-69,-21
0.0,52,-161
0.0,-66,111
0.0,8,-107
0.0,54,-176
0.0,-63,-48
0.0,-72,-77
0.0,72,-132
0.0,-58,2
0.0,-65,-41
0.0,-67,-22
0.0,-61,-18
0.0,10,-121
0.0,-65,23
0.0,80,-70
0.0,-58,4
0.0,-69,-79
0.0,51,-151
0.0,-72,-79
0.0,56,-79
0.0,-66,-26
0.0,-67,-175
0.0,-66,-20
0.0,-59,11
0.0,20,-110
0.0,12,-131
0.0,11,-148
0.0,-62,-39
0.0,-68,-37
0.0,14,-115
0.0,-65,-16
0.0,-58,9
0.0,8,-139
0.0,19,-104
0.0,66,36
0.0,-66,2
0.0,54,-147
0.0,-66,23
0.0,6,73
0.0,-66,147
0.0,9,-154
0.0,-65,-12
0.0,-59,14
0.0,-60,-36
0.0,54,-80
0.0,-71,-29
0.0,-69,-72
0.0,46,-168
0.0,-68,3
0.0,-72,-76
0.0,9,-152
0.0,-72,-171
0.0,-60,-42
0.0,-66,-39
0.0,13,90
0.0,14,-102
0.0,-67,-1
0.0,-65,-48
0.0,-61,121
0.0,-64,26
0.0,-63,20
0.0,-63,19
0.0,-65,0
0.0,14,-123
0.0,4,94
0.0,-64,-49
0.0,-64,125
0.0,18,-104
0.0,-66,171
0.0,-64,162
0.0,-64,68
0.0,62,-168
0.0,14,-103
0.0,-12,-80
0.0,-68,-146
0.0,-62,150
0.0,-65,-14
0.0,-66,118
0.0,21,-109
0.0,-61,-43
0.0,-69,1
0.0,48,-160
0.0,-58,1
0.0,-57,-5
0.0,13,94
0.0,-21,-72
0.0,-64,-50
0.0,12,-115
0.0,-67,20
0.0,-64,51
0.0,-66,-14
0.0,10,-91
0.0,10,-102
0.0,-72,171
0.0,-69,-73
0.0,-71,-115
0.0,14,-103
0.0,76,-152
0.0,-62,-42
0.0,-65,54
0.0,-55,17
0.0,-64,114
0.0,10,-111
0.0,13,-117
0.0,14,-124
0.0,-68,-33
0.0,-58,13
0.0,-9,-97
0.0,10,-99
0.0,-57,80
0.0,7,88
0.0,-66,-22
0.0,54,-136
0.0,13,-127
0.0,8,-155
0.0,-71,179
0.0,-61,0
0.0,-72,-85
0.0,15,-112
0.0,-61,127
0.0,-60,18
0.0,11,-135
0.0,-58,-9
0.0,9,120
0.0,-60,-26
0.0,-61,19
0.0,11,-98
0.0,-66,-66
0.0,22,-108
0.0,-58,-42
0.0,-72,-77
0.0,-65,1
0.0,51,-155
0.0,18,-107
0.0,14,95
0.0,18,-115
0.0,-57,82
0.0,64,-166
0.0,-68,-48
0.0,51,-176
0.0,19,93
0.0,-63,163
0.0,-64,-148
0.0,-68,19
0.0,-74,-25
0.0,-56,12
0.0,-64,150
0.0,-66,-45
0.0,15,-102
0.0,-71,-150
0.0,-64,58
0.0,15,-108
0.0,-64,-49
0.0,15,91
0.0,8,89
0.0,-62,-25
0.0,-73,-135
0.0,12,-103
0.0,-75,-28
0.0,-66,-51
0.0,-57,-6
0.0,12,-92
0.0,19,-104
0.0,-62,84
0.0,-69,-167
0.0,53,-155
0.0,10,-117
0.0,-12,-81
0.0,9,-97
0.0,-58,-2
0.0,9,-109
0.0,-65,173
0.0,-8,-94
0.0,-64,-44
0.0,-62,32
0.0,-62,-47
0.0,-61,26
0.0,-66,172
0.0,-72,-123
0.0,75,-123
0.0,16,88
0.0,6,75
0.0,-71,179
0.0,66,40
0.0,78,-146
0.0,-65,53
0.0,-60,13
0.0,-63,37
0.0,-64,-35
0.0,-67,164
0.0,-64,-62
0.0,-73,-124
0.0,-61,9
0.0,-61,-36
0.0,56,-84
0.0,-65,-18
0.0,-62,-149
0.0,-64,41
0.0,56,-154
0.0,-65,7
0.0,-67,-11
0.0,-62,-29
0.0,52,-144
0.0,-66,-14
0.0,-66,45
0.0,50,-178
0.0,-68,171
0.0,76,-124
0.0,50,-174
0.0,-63,-12
0.0,-67,173
0.0,20,86
0.0,-64,161
0.0,-70,-37
0.0,-69,-72
0.0,-64,-16
0.0,-60,-30
0.0,14,-111
0.0,-64,-160
0.0,-66,4
0.0,6,-142
0.0,4,96
0.0,15,-113
0.0,-64,17
0.0,53,-178
0.0,13,-111
0.0,53,-148
0.0,-62,-29
0.0,-73,-122
0.0,-63,110
0.0,-66,-37
0.0,-8,-84
0.0,-64,-158
0.0,-62,-31
0.0,10,-127
0.0,-64,28
0.0,38,149
0.0,-55,13
0.0,11,-142
0.0,10,-106
0.0,-66,-36
0.0,9,-135
0.0,-68,-82
0.0,-72,-128
0.0,-59,15
0.0,53,-144
0.0,-63,-3
0.0,-62,-147
0.0,15,-97
0.0,-63,-20
0.0,56,-155
0.0,-58,-8
0.0,9,-121
0.0,-70,-169
0.0,-68,178
0.0,-66,-10
0.0,10,-111
0.0,53,-158
0.0,-64,168
0.0,-70,169
0.0,74,-163
0.0,-66,164
0.0,-74,-134
0.0,-67,-25
0.0,19,-114
0.0,77,-162
0.0,-67,-169
0.0,14,-113
0.0,-59,-29
0.0,-60,-142
0.0,-5,-104
0.0,18,-102
0.0,-61,-46
0.0,9,-97
0.0,11,-142
0.0,-65,34
0.0,-67,8
0.0,-75,-139
0.0,-60,26
0.0,-63,37
0.0,76,-158
0.0,-59,-7
0.0,-65,2
0.0,13,-96
0.0,53,-175
0.0,-71,-82
0.0,-61,-150
0.0,49,-156
0.0,12,-89
0.0,-66,-12
0.0,17,92
0.0,-68,-20
0.0,11,-94
0.0,-63,-34
0.0,-75,-145
0.0,-66,-43
0.0,-71,-78
0.0,-70,-88
0.0,76,-147
0.0,-64,38
0.0,-61,-22
0.0,72,-152
0.0,52,-139
0.0,5,-140
0.0,55,-170
0.0,-65,-67
0.0,-72,-86
0.0,-67,23
0.0,-68,0
0.0,-60,19
0.0,-65,32
0.0,-67,-170
0.0,-68,157
0.0,-60,161
0.0,-60,17
0.0,-60,2
0.0,17,-111
0.0,-71,-154
0.0,-57,-28
0.0,-62,-1
0.0,10,-116
0.0,-74,-106
0.0,9,-94
0.0,12,-140
0.0,11,-122
0.0,13,-104
0.0,-63,-5
0.0,-69,158
0.0,-59,-32
0.0,20,-106
0.0,-62,159
0.0,55,-173
0.0,15,-112
0.0,55,-156
0.0,-65,-148
0.0,-64,7
0.0,-70,-33
0.0,53,-165
0.0,-66,-70
0.0,-60,81
0.0,-66,-163
0.0,-57,26
0.0,9,97
0.0,-65,38
0.0,-34,-73
0.0,-67,-75
0.0,-64,-2
0.0,-64,72
0.0,18,89
0.0,-62,-140
0.0,15,89
0.0,-65,62
0.0,73,-143
0.0,-70,-99
0.0,52,-155
0.0,-64,-30
0.0,74,-144
0.0,-65,-38
0.0,56,-143
0.0,73,73
0.0,-68,178
0.0,-63,10
0.0,-69,0
0.0,55,-156
0.0,55,-178
0.0,-71,-32
0.0,-63,-48
0.0,-73,-24
0.0,-59,79
0.0,19,-110
0.0,8,118
0.0,-62,152
0.0,13,87
0.0,-69,-15
0.0,-63,-146
0.0,-59,3
0.0,-59,11
0.0,-72,-77
0.0,-68,-69
0.0,-65,-21
0.0,-61,6
0.0,53,-166
0.0,-62,-140
0.0,-71,-34
0.0,17,-103
0.0,12,-123
0.0,6,93
0.0,53,-156
0.0,-65,53
0.0,54,-156
0.0,52,-146
0.0,-71,-17
0.0,-62,-144
0.0,-65,153
0.0,73,-131
0.0,-65,-42
0.0,-65,5
0.0,-62,13
0.0,-62,2
0.0,21,-110
0.0,11,-114
0.0,-61,-6
0.0,74,-145
0.0,-66,43
0.0,12,-113
0.0,51,-178
0.0,13,-94
0.0,-68,-75
0.0,27,-111
0.0,17,-102
0.0,8,-99
0.0,73,-157
0.0,14,-109
0.0,-66,15
0.0,20,92
0.0,12,96
0.0,-70,-97
0.0,11,-101
0.0,-66,-174
0.0,-67,-43
0.0,48,-180
0.0,-61,67
0.0,-61,94
0.0,11,-146
0.0,14,-103
0.0,-64,159
0.0,-63,89
0.0,-69,-72
0.0,-73,-86
0.0,-67,-161
0.0,-62,14
0.0,-68,-39
0.0,8,94
0.0,19,92
0.0,-69,-69
0.0,18,90
0.0,-68,-151
0.0,11,-111
0.0,-64,-43
0.0,-63,50
0.0,-62,-148
0.0,13,-113
0.0,65,36
0.0,-64,12
0.0,11,-109
0.0,-62,81
0.0,-66,-7
0.0,-71,-88
0.0,74,-164
0.0,-65,161
0.0,-64,-49
0.0,60,-79
0.0,68,-174
0.0,72,68
0.0,-64,-50
0.0,-65,3
0.0,10,90
0.0,-60,0
0.0,-65,172
0.0,52,-153
0.0,-65,-169
0.0,-69,-21
0.0,58,-177
0.0,-66,73
0.0,-67,-26
0.0,-66,20
0.0,-64,67
0.0,-67,167
0.0,18,89
0.0,-64,5
0.0,-64,64
0.0,81,-13
0.0,-69,172
0.0,-67,24
0.0,-62,145
0.0,24,-108
0.0,-72,-88
0.0,-63,-5
0.0,-9,-90
0.0,14,-126
0.0,-59,-40
0.0,66,39
0.0,-64,-48
0.0,11,101
0.0,-65,14
0.0,-68,174
0.0,-70,-34
0.0,51,-151
0.0,-63,-141
0.0,54,-141
0.0,10,-130
0.0,53,-154
0.0,-65,7
0.0,-61,83
0.0,12,-113
0.0,-64,-61
0.0,10,120
0.0,51,-159
0.0,-67,14
0.0,-62,98
0.0,-58,83
0.0,-60,-8
0.0,-65,-18
0.0,-62,-33
0.0,-59,8
0.0,11,-130
0.0,-64,7
0.0,-58,-9
0.0,-69,-38
0.0,52,-150
0.0,-64,-157
0.0,-66,167
0.0,9,96
0.0,-68,170
0.0,50,-160
0.0,-71,-84
0.0,-62,30
0.0,76,-168
0.0,-72,-19
0.0,50,-156
0.0,-64,142
0.0,-66,-41
0.0,78,-154
0.0,-69,-1
0.0,-64,60
0.0,56,-151
0.0,58,-146
0.0,-62,146
0.0,18,-108
0.0,20,-110
0.0,-64,158
0.0,-61,-148
0.0,-63,-10
0.0,45,-166
0.0,77,-92
0.0,-63,48
0.0,5,82
0.0,-66,170
0.0,15,-95
0.0,9,-148
0.0,70,-121
0.0,23,-108
0.0,-65,37
0.0,-9,114
0.0,-72,-165
0.0,53,-158
0.0,-69,-16
0.0,12,-89
0.0,-67,174
0.0,6,79
0.0,-65,121
0.0,-65,113
0.0,54,-159
0.0,-57,2
0.0,-9,-91
0.0,-64,76
0.0,13,-128
0.0,-61,14
0.0,-66,-3
0.0,-67,-172
0.0,-68,7
0.0,-70,-143
0.0,10,85
0.0,-74,-116
0.0,-64,124
0.0,-62,136
0.0,-59,6
0.0,-63,-19
0.0,-64,146
0.0,-62,-147
0.0,50,-164
0.0,-63,69
0.0,12,-108
0.0,-69,-32
0.0,-63,-31
0.0,-68,-1
0.0,55,-151
0.0,-68,-30
0.0,-22,-75
0.0,53,-177
0.0,-64,-6
0.0,9,-92
0.0,-61,121
0.0,16,-104
0.0,-61,-6
0.0,-20,-75
0.0,-63,-150
0.0,-66,-138
0.0,72,-140
0.0,3,92
0.0,-69,25
0.0,-74,172
0.0,10,-104
0.0,18,-111
0.0,7,-108
0.0,-69,-68
0.0,-17,-76
0.0,8,-139
0.0,56,-152
0.0,10,-103
0.0,-63,82
0.0,-65,61
0.0,15,-117
0.0,-58,150
0.0,-65,16
0.0,-65,23
0.0,-70,-10
0.0,-63,-28
0.0,51,-152
0.0,-66,31
0.0,-61,11
0.0,5,89
0.0,-36,-74
0.0,-73,-120
0.0,18,-113
0.0,-65,8
0.0,-65,37
0.0,11,-108
0.0,12,-134
0.0,76,81
0.0,-66,22
0.0,-66,-17
0.0,74,-141
0.0,51,-149
0.0,23,61
0.0,-57,-27
0.0,9,-110
0.0,-65,-25
0.0,-65,-34
0.0,-59,29
0.0,23,-110
0.0,8,-119
0.0,7,97
0.0,17,92
0.0,-63,-5
0.0,-8,-89
0.0,-64,35
0.0,23,-115
0.0,-64,-5
0.0,-61,-27
0.0,-63,85
0.0,-72,-105
0.0,-66,0
0.0,-65,21
0.0,-57,13
0.0,-65,141
0.0,15,-121
0.0,20,92
0.0,14,-105
0.0,9,-87
0.0,77,-160
0.0,14,82
0.0,-65,150
0.0,-69,-155
0.0,-63,-157
0.0,-62,-29
0.0,-70,-23
0.0,-68,-160
0.0,-69,-125
0.0,17,-100
0.0,-65,59
0.0,54,-146
0.0,-65,174
0.0,-59,-31
0.0,-66,155
0.0,13,-96
0.0,-65,4
0.0,-60,145
0.0,14,-113
0.0,-64,146
0.0,-67,-168
0.0,-61,-37
0.0,14,-113
0.0,-66,166
0.0,-59,23
0.0,-60,9
0.0,12,-107
0.0,-64,165
0.0,-61,129
0.0,54,-151
0.0,28,-111
0.0,23,-111
0.0,74,-172
0.0,-34,-73
0.0,-59,7
0.0,-61,81
0.0,76,-168
0.0,-63,111
0.0,53,-172
0.0,-73,-111
0.0,-57,-29
0.0,-73,-126
0.0,-63,17
0.0,-54,16
0.0,-61,-9
0.0,-61,141
0.0,-12,-83
0.0,-63,9
0.0,-67,-37
0.0,-60,7
0.0,-68,-38
0.0,14,-124
0.0,10,-120
0.0,50,-169
0.0,51,-178
0.0,14,48
0.0,-64,-143
0.0,53,-141
0.0,50,-154
0.0,-70,-166
0.0,-66,-135
0.0,-61,-8
0.0,-61,25
0.0,-61,9
0.0,-66,-35
0.0,-57,33
0.0,-62,-33
0.0,-64,-27
0.0,55,-146
0.0,13,-102
0.0,-59,-10
0.0,-68,-180
0.0,15,87
0.0,-65,-151
0.0,-62,-45
0.0,-66,-41
0.0,14,-112
0.0,-57,-3
0.0,-66,8
0.0,-58,15
0.0,-59,-8
0.0,6,97
0.0,-68,-18
0.0,-26,-71
0.0,-57,37
0.0,-61,-47
0.0,12,-124
0.0,-68,-18
0.0,-69,9
0.0,10,-96
0.0,-65,-154
0.0,-71,-77
0.0,-68,-47
0.0,-68,-71
0.0,12,-135
0.0,72,-139
0.0,-64,66
0.0,-68,22
0.0,-63,126
0.0,-64,-165
0.0,12,-140
0.0,11,-111
0.0,-61,10
0.0,-65,9
0.0,22,-114
0.0,12,95
0.0,14,94
0.0,-69,-163
0.0,-65,-5
0.0,-64,6
0.0,-60,23
0.0,-69,21
0.0,11,-123
0.0,-59,-35
0.0,49,-166
0.0,-66,-39
0.0,-68,-19
0.0,-61,-35
0.0,-74,-33
0.0,18,94
0.0,-74,176
0.0,-66,163
0.0,-58,0
0.0,-67,-68
0.0,77,116
0.0,51,-176
0.0,10,-102
0.0,11,95
0.0,44,-168
0.0,-62,-151
0.0,59,-148
0.0,-63,-34
0.0,75,78
0.0,-70,174
0.0,-66,161
0.0,-64,67
0.0,-60,-147
0.0,74,-168
0.0,-67,-48
0.0,10,-129
0.0,52,-160
0.0,8,-139
0.0,-64,-41
0.0,14,-99
0.0,-31,-73
0.0,-59,83
0.0,20,-110
0.0,53,-80
0.0,-57,2
0.0,53,-180
0.0,-68,-159
0.0,-66,8
0.0,-63,17
0.0,-67,-7
0.0,-66,134
0.0,-72,-78
0.0,12,94
0.0,10,90
0.0,-65,-143
0.0,10,-92
0.0,-71,-93
0.0,17,-102
0.0,-68,-156
0.0,-73,-177
0.0,-61,-6
0.0,12,-88
0.0,51,-153
0.0,-61,-59
0.0,-65,104
0.0,-65,-40
0.0,10,-139
0.0,-62,82
0.0,16,-102
0.0,-68,17
0.0,12,-122
0.0,-62,54
0.0,53,-149
0.0,20,-107
0.0,-64,23
0.0,-65,138
0.0,-68,-69
0.0,12,95
0.0,-62,-35
0.0,16,-114
0.0,-62,26
0.0,-68,-173
0.0,14,48
0.0,-67,-29
0.0,-66,115
0.0,14,-92
0.0,-64,16
0.0,-56,23
0.0,-65,160
0.0,-62,-19
0.0,-61,-18
0.0,-64,-33
0.0,9,-106
0.0,-65,-157
0.0,50,-154
0.0,-66,158
0.0,56,-177
0.0,-60,-28
0.0,8,-99
0.0,-64,128
0.0,14,-113
0.0,74,-152
0.0,-60,158
0.0,11,-113
0.0,-62,6
0.0,50,-154
0.0,-66,3
0.0,-71,-78
0.0,-63,-1
0.0,-67,-38
0.0,11,89
0.0,-64,-138
0.0,11,102
0.0,-68,-169
0.0,54,-174
0.0,14,-124
0.0,-62,151
0.0,-64,-5
0.0,-60,3
0.0,9,69
0.0,-5,-84
0.0,-66,-25
0.0,-67,25
0.0,-20,-71
0.0,-62,101
0.0,-63,21
0.0,-68,-41
0.0,-36,-74
0.0,-66,-70
0.0,79,66
0.0,-61,18
0.0,-66,-48
0.0,50,-172
0.0,-62,2
0.0,-62,-40
0.0,-21,-75
0.0,72,-153
0.0,11,-105
0.0,-72,-84
0.0,-68,-31
0.0,14,-112
0.0,-68,-42
0.0,-74,-135
0.0,10,67
0.0,-64,-28
0.0,-63,-49
0.0,-63,50
0.0,-65,-68
0.0,14,-113
0.0,57,-166
0.0,-71,-88
0.0,52,-168
0.0,-60,-32
0.0,-61,-153
0.0,13,-106
0.0,-61,154
0.0,9,-146
0.0,-65,3
0.0,-68,166
0.0,9,-98
0.0,17,-104
0.0,-61,44
0.0,-69,-14
0.0,-66,-37
0.0,-58,-4
0.0,-63,117
0.0,-66,42
0.0,9,-150
0.0,-70,23
0.0,75,-153
0.0,-61,-42
0.0,-71,-127
0.0,-61,-42
0.0,-60,11
0.0,-61,122
0.0,50,-173
0.0,-56,2
0.0,-61,0
0.0,-70,-77
0.0,-63,-12
0.0,8,-154
0.0,9,-143
0.0,75,-178
0.0,74,116
0.0,-64,5
0.0,-61,1
0.0,18,-109
0.0,-67,1
0.0,-71,-125
0.0,-63,6
0.0,-68,171
0.0,52,-158
0.0,-63,125
0.0,-65,17
0.0,7,-104
0.0,17,92
0.0,-73,-124
0.0,-62,21
0.0,-70,-149
0.0,-68,-148
0.0,-64,153
0.0,73,-159
0.0,-68,-51
0.0,17,68
0.0,14,-91
0.0,-64,-60
0.0,-65,-43
0.0,-22,-71
0.0,-60,-45
0.0,-65,139
0.0,-63,14
0.0,-70,166
0.0,-67,-70
0.0,-70,-109
0.0,-67,-177
0.0,9,-112
0.0,-21,-73
0.0,53,-133
0.0,-67,-51
0.0,-36,-74
0.0,-57,8
0.0,54,-169
0.0,19,-106
0.0,12,-119
0.0,16,-104
0.0,52,-167
0.0,-71,-81
0.0,52,-156
0.0,-61,146
0.0,-65,-150
0.0,13,92
0.0,74,-165
0.0,9,-100
0.0,-64,4
0.0,-64,-165
0.0,12,-88
0.0,24,-109
0.0,15,-109
0.0,-60,17
0.0,-57,-2
0.0,-64,-39
0.0,-58,18
0.0,12,-106
0.0,16,-95
0.0,-68,4
0.0,58,-173
0.0,-63,54
0.0,-58,-27
0.0,52,-177
0.0,-74,-34
0.0,-64,-159
0.0,12,67
0.0,14,-96
0.0,-67,-77
0.0,-62,0
0.0,-74,-117
0.0,-67,-170
0.0,-64,-18
0.0,-62,-1
0.0,-68,-71
0.0,-61,10
0.0,-63,23
0.0,16,-97
0.0,55,-153
0.0,61,-178
0.0,9,-115
0.0,28,-112
0.0,-72,-76
0.0,-62,-149
0.0,52,-153
0.0,-60,-38
0.0,-65,76
0.0,-67,-70
0.0,21,-114
0.0,-66,-1
0.0,-20,-72
0.0,-64,61
0.0,-69,-73
0.0,-60,129
0.0,-66,-172
0.0,59,-81
0.0,76,79
0.0,-65,22
0.0,-8,-88
0.0,-62,154
0.0,-71,-122
0.0,8,-117
0.0,10,-152
0.0,9,-97
0.0,9,96
0.0,-64,132
0.0,-62,5
0.0,-63,-31
0.0,-58,1
0.0,-66,3
0.0,8,-149
0.0,-61,83
0.0,-63,42
0.0,-60,83
0.0,-71,-90
0.0,-64,14
0.0,10,-93
0.0,-58,18
0.0,50,-166
0.0,-74,-131
0.0,-15,-77
0.0,-64,-43
0.0,-63,-38
0.0,-64,-148
0.0,-33,-72
0.0,13,-101
0.0,-60,99
0.0,56,-150
0.0,-62,77
0.0,56,-79
0.0,-64,153
0.0,-64,-2
0.0,-60,-11
0.0,13,-105
0.0,49,-172
0.0,72,-138
0.0,13,-98
0.0,9,94
0.0,-72,-19
0.0,-63,-31
0.0,73,-159
0.0,13,-93
0.0,53,-156
0.0,-71,-45
0.0,66,37
0.0,16,53
0.0,-71,-92
0.0,-20,-71
0.0,-63,10
0.0,-59,9
0.0,-69,-157
0.0,15,-97
0.0,-66,123
0.0,-19,-71
0.0,53,-173
0.0,-67,36
0.0,-66,-35
0.0,-69,-151
0.0,-66,168
0.0,-65,5
0.0,55,-178
0.0,-60,-37
0.0,-72,-78
0.0,-71,-107
0.0,-61,-31
0.0,-66,-34
0.0,-68,-27
0.0,-63,22
0.0,72,-162
0.0,-61,2
0.0,50,-158
0.0,47,-172
0.0,-64,-12
0.0,-64,-5
0.0,17,-105
0.0,8,-95
0.0,-68,-150
0.0,9,-104
0.0,-63,115
0.0,-66,27
0.0,-65,-21
0.0,-71,-88
0.0,6,79
0.0,53,-152
0.0,-55,15
0.0,16,-97
0.0,51,-152
0.0,-65,-26
0.0,15,-117
0.0,8,83
0.0,-74,-138
0.0,-66,-39
0.0,15,81
0.0,-58,-7
0.0,-72,-76
0.0,7,90
0.0,-72,-76
0.0,11,-122
0.0,-71,-24
0.0,-67,-40
0.0,16,-121
0.0,-59,23
0.0,-74,-116
0.0,-66,-5
0.0,-65,70
0.0,-63,156
0.0,-69,-76
0.0,57,-149
0.0,-69,-44
0.0,-68,-146
0.0,-64,15
0.0,-62,-41
0.0,-74,-29
0.0,9,-116
0.0,-73,-175
0.0,-70,-78
0.0,-71,-121
0.0,-67,-167
0.0,-61,-35
0.0,64,-170
0.0,54,-148
0.0,51,-180
0.0,-67,174
0.0,10,-106
0.0,56,-146
0.0,-68,-162
0.0,10,-101
0.0,-65,-53
0.0,-64,57
0.0,-56,8
0.0,11,-118
0.0,11,-143
0.0,-64,-159
0.0,-64,-25
0.0,52,-157
0.0,-64,-48
0.0,-65,-38
0.0,-60,105
0.0,-60,-28
0.0,84,-26
0.0,-65,159
0.0,19,-109
0.0,-73,-130
0.0,14,-98
0.0,-62,-43
0.0,-71,-81
0.0,-65,-33
0.0,8,75
0.0,-59,-1
0.0,-64,-65
0.0,18,84
0.0,16,-103
0.0,52,-168
0.0,-69,-178
0.0,-62,154
0.0,19,-112
0.0,15,-102
0.0,-61,93
0.0,-68,-44
0.0,-68,-41
0.0,56,-171
0.0,8,76
0.0,-70,-46
0.0,-66,18
0.0,13,-146
0.0,-64,-154
0.0,13,-118
0.0,-62,152
0.0,-62,-149
0.0,-62,-13
0.0,-74,-30
0.0,-62,74
0.0,-57,-5
0.0,-67,-172
0.0,-70,-43
0.0,-67,-5
0.0,23,-107
0.0,56,-146
0.0,-65,54
0.0,53,-154
0.0,-57,-4
0.0,-72,-127
0.0,-61,-151
0.0,12,-136
0.0,8,-113
0.0,56,-145
0.0,-64,162
0.0,-67,159
0.0,-63,5
0.0,-63,1
0.0,12,-97
0.0,53,-157
0.0,-64,31
0.0,-71,-21
0.0,16,-115
0.0,-60,109
0.0,-66,-178
0.0,-72,-27
0.0,-67,0
0.0,52,-149
0.0,-70,-167
0.0,19,-105
0.0,-67,63
0.0,-63,-54
0.0,-67,177
0.0,-65,111
0.0,-68,-38
0.0,-66,33
0.0,18,-102
0.0,-59,11
0.0,-65,1
0.0,-10,-86
0.0,8,89
0.0,-55,10
0.0,-11,-79
0.0,51,-148
0.0,12,-113
0.0,21,-110
0.0,-66,-164
0.0,-60,-6
0.0,-22,-73
0.0,23,-113
0.0,5,-137
0.0,-63,-4
0.0,-60,-35
0.0,-71,-28
0.0,10,-101
0.0,56,-179
0.0,13,-120
0.0,53,-143
0.0,-60,-53
0.0,-66,121
0.0,71,-121
0.0,54,-158
0.0,22,-110
0.0,-63,-33
0.0,-58,-35
0.0,-59,3
0.0,-64,76
0.0,-60,-45
0.0,51,-174
0.0,-72,-21
0.0,53,-154
0.0,-60,-30
0.0,12,-128
0.0,-62,-43
0.0,-64,66
0.0,-59,-4
0.0,15,90
0.0,-74,-118
0.0,11,-91
0.0,-72,-109
0.0,54,-148
0.0,-64,68
0.0,-60,153
0.0,-59,79
0.0,-69,-151
0.0,-67,1
0.0,-64,152
0.0,-66,-8
0.0,53,-159
0.0,-58,13
0.0,-66,25
0.0,-69,24
0.0,10,-129
0.0,-59,-16
0.0,9,-156
0.0,-69,-22
0.0,-66,-18
0.0,-65,-23
0.0,-62,-28
0.0,-8,-100
0.0,-70,-80
0.0,10,-101
0.0,11,-109
0.0,11,-113
0.0,-65,12
0.0,-63,155
0.0,-65,163
0.0,-62,112
0.0,-64,-44
0.0,-73,-122
0.0,-64,160
0.0,-62,152
0.0,12,-93
0.0,-76,-28
0.0,11,-99
0.0,18,-105
0.0,8,-139
0.0,-66,16
0.0,-72,-20
0.0,-69,-74
0.0,23,-111
0.0,56,-164
0.0,-64,29
0.0,-67,11
0.0,14,-120
0.0,-66,2
0.0,-62,140
0.0,51,-168
0.0,-57,1
0.0,-69,179
0.0,-68,-22
0.0,-65,-22
0.0,-65,-40
0.0,-63,-37
0.0,-62,-43
0.0,74,-175
0.0,-66,-25
0.0,-63,69
0.0,-59,81
0.0,-65,5
0.0,-70,-36
0.0,-62,47
0.0,-21,-71
0.0,-65,-40
0.0,-64,30
0.0,-58,18
0.0,-62,-33
0.0,11,-140
0.0,56,-176
0.0,54,-151
0.0,-56,7
0.0,10,-116
0.0,11,93
0.0,-59,-29
0.0,71,-176
0.0,13,-125
0.0,-62,-39
0.0,15,-94
0.0,-66,23
0.0,-64,65
0.0,11,-122
0.0,23,-109
0.0,-64,1
0.0,13,-102
0.0,21,-108
0.0,-62,9
0.0,9,92
0.0,-11,-82
0.0,-66,115
0.0,56,-146
0.0,-72,-113
0.0,14,48
0.0,-63,-40
0.0,10,-150
0.0,-68,-177
0.0,9,-154
0.0,-63,-57
0.0,24,-112
0.0,51,-174
0.0,-22,-72
0.0,-59,-37
0.0,-59,11
0.0,-65,35
0.0,-64,13
0.0,50,-174
0.0,-65,165
0.0,11,-130
0.0,-63,164
0.0,-68,-4
0.0,-7,-97
0.0,-73,-29
0.0,73,-156
0.0,-64,-33
0.0,-68,-68
0.0,12,-132
0.0,-60,-35
0.0,13,-106
0.0,-70,-27
0.0,56,-134
0.0,15,91
0.0,-60,-51
0.0,50,-174
0.0,-68,-28
0.0,-65,-41
0.0,-35,-73
0.0,-65,1
0.0,-61,-18
0.0,50,-168
0.0,-30,-72
0.0,-63,77
0.0,-66,-155
0.0,-60,-1
0.0,-61,-20
0.0,-63,-45
0.0,66,36
0.0,72,-119
0.0,50,-171
0.0,-69,-75
0.0,74,-168
0.0,-65,-3
0.0,54,-177
0.0,-35,-74
0.0,5,-143
0.0,61,-173
0.0,-61,-37
0.0,-66,-37
0.0,-60,-32
0.0,-68,-16
0.0,-64,37
0.0,-20,-71
0.0,-62,130
0.0,-72,-78
0.0,58,-82
0.0,-62,31
0.0,-68,-23
0.0,11,-93
0.0,-70,-42
0.0,-72,-18
0.0,-64,146
0.0,-67,-18
0.0,-63,-14
0.0,-61,21
0.0,-74,-28
0.0,-62,102
0.0,17,113
0.0,-73,-150
0.0,11,-117
0.0,-65,61
0.0,-64,161
0.0,17,93
0.0,-72,-123
0.0,-64,1
0.0,13,-110
0.0,-34,-73
0.0,12,-105
0.0,12,-110
0.0,54,-178
0.0,-67,19
0.0,-61,-18
0.0,-57,-9
0.0,8,79
0.0,-65,34
0.0,-63,157
0.0,11,-121
0.0,17,-104
0.0,-63,-25
0.0,-66,23
0.0,56,-150
0.0,-9,127
0.0,-60,81
0.0,68,-166
0.0,-66,155
0.0,8,-111
0.0,-23,-71
0.0,-59,-28
0.0,-64,-20
0.0,64,-175
0.0,75,-170
0.0,-67,-137
0.0,10,-105
0.0,73,-130
0.0,9,-84
0.0,16,-107
0.0,-64,-27
0.0,-62,-58
0.0,-70,-104
0.0,-62,-44
0.0,-63,56
0.0,-66,-68
0.0,-65,162
0.0,-74,-30
0.0,-69,6
0.0,-71,-121
0.0,54,-158
0.0,12,-116
0.0,-58,16
0.0,-58,19
0.0,-59,77
0.0,13,-104
0.0,-64,-22
0.0,-6,-104
0.0,-64,46
0.0,-59,12
0.0,-58,82
0.0,-65,162
0.0,-64,-153
0.0,-71,-83
0.0,-64,25
0.0,11,95
0.0,-61,-41
0.0,50,-151
0.0,54,-144
0.0,15,89
0.0,-67,19
0.0,9,95
0.0,-66,-4
0.0,-10,-80
0.0,13,-99
0.0,-69,-17
0.0,-62,129
0.0,-62,54
0.0,14,-108
0.0,53,-149
0.0,-60,18
0.0,69,-179
0.0,-66,8
0.0,-60,7
0.0,-62,-46
0.0,-66,159
0.0,57,-150
0.0,-71,-79
0.0,-63,5
0.0,-56,19
0.0,-66,-163
0.0,-75,-137
0.0,16,-98
0.0,76,-146
0.0,-59,-26
0.0,10,83
0.0,-66,176
0.0,-70,-176
0.0,-65,145
0.0,-61,-41
0.0,-64,71
0.0,-64,-39
0.0,-59,-15
0.0,73,-155
0.0,56,-180
0.0,52,-156
0.0,-62,40
0.0,11,-116
0.0,-68,174
0.0,51,-171
0.0,-74,-128
0.0,50,-172
0.0,-69,-46
0.0,-69,-48
0.0,-66,19
0.0,-58,-27
0.0,8,-122
0.0,14,-108
0.0,12,-90
0.0,-61,-10
0.0,-70,-80
0.0,10,-120
0.0,-60,-150
0.0,17,-105
0.0,10,-95
0.0,55,-157
0.0,-71,-88
0.0,-64,-39
0.0,-65,169
0.0,-65,-74
0.0,-63,74
0.0,-66,38
0.0,-61,80
0.0,-61,131
0.0,-61,116
0.0,-66,-16
0.0,-65,8
0.0,44,-125
0.0,-72,-116
0.0,-59,-3
0.0,49,-151
0.0,-61,72
0.0,-63,15
0.0,50,-158
0.0,-58,6
0.0,-64,57
0.0,-66,-36
0.0,17,-104
0.0,-19,-72
0.0,-58,79
0.0,-70,171
0.0,-63,-13
0.0,-62,133
0.0,-31,-73
0.0,-63,114
0.0,10,90
0.0,76,-154
0.0,7,92
0.0,-65,-159
0.0,-62,119
0.0,-63,-37
0.0,-65,154
0.0,-9,-89
0.0,48,-160
0.0,-62,-37
0.0,-72,-81
0.0,54,-146
0.0,-60,-14
0.0,-74,-111
0.0,-66,7
0.0,-63,43
0.0,-62,105
0.0,-65,15
0.0,57,-85
0.0,-64,-25
0.0,11,94
0.0,13,-101
0.0,57,-82
0.0,48,-156
0.0,-69,-31
0.0,-69,-44
0.0,-69,174
0.0,-31,-73
0.0,-72,-20
0.0,-19,-72
0.0,-58,1
0.0,-68,-40
0.0,-63,157
0.0,-70,-168
0.0,12,-134
0.0,-65,-149
0.0,52,-177
0.0,-72,-82
0.0,50,-165
0.0,-69,177
0.0,-70,-38
0.0,50,-157
0.0,-63,9
0.0,-23,-72
0.0,-62,66
0.0,-67,-73
0.0,-66,42
0.0,-60,-14
0.0,-62,-18
0.0,18,84
0.0,-67,29
0.0,-66,-149
0.0,-63,116
0.0,-65,-19
0.0,-57,-2
0.0,-61,85
0.0,-73,-128
0.0,-62,153
0.0,-66,122
0.0,9,-108
0.0,19,-108
0.0,74,-158
0.0,-61,17
0.0,9,88
0.0,66,36
0.0,74,79
0.0,-64,-23
0.0,-64,-30
0.0,-64,158
0.0,-62,-51
0.0,-56,-6
0.0,-71,-25
0.0,-64,-47
0.0,16,92
0.0,-71,-76
0.0,-69,-180
0.0,-19,-73
0.0,-68,168
0.0,9,-84
0.0,-65,54
0.0,-63,-149
0.0,74,-175
0.0,-65,-67
0.0,-64,-147
0.0,18,-103
0.0,-62,117
0.0,-62,18
0.0,52,-160
0.0,-17,-74
0.0,-61,110
0.0,54,-168
0.0,7,91
0.0,78,-157
0.0,-63,15
0.0,-60,3
0.0,13,-101
0.0,-65,11
0.0,-63,-41
0.0,-63,63
0.0,-14,-78
0.0,-67,3
0.0,-65,-43
0.0,66,36
0.0,-63,-17
0.0,-62,-6
0.0,-56,20
0.0,-64,121
0.0,19,-107
0.0,9,-125
0.0,-66,2
0.0,-65,154
0.0,-65,-33
0.0,-54,21
0.0,-66,173
0.0,-63,72
0.0,-56,13
0.0,17,-113
0.0,-64,-4
0.0,-67,1
0.0,-58,-2
0.0,-63,-9
0.0,-66,-68
0.0,9,-97
0.0,52,-136
0.0,-65,36
0.0,-70,-82
0.0,-20,-74
0.0,8,-80
0.0,56,-79
0.0,-62,-42
0.0,-61,-28
0.0,-61,-45
0.0,-64,54
0.0,55,-80
0.0,-67,171
0.0,-61,-52
0.0,-65,-161
0.0,-9,-95
0.0,-67,-19
0.0,-63,-155
0.0,-73,-86
0.0,-60,7
0.0,16,-100
0.0,66,38
0.0,14,-108
0.0,-59,39
0.0,-67,5
0.0,-56,35
0.0,22,-108
0.0,-60,-2
0.0,-71,-82
0.0,-72,-104
0.0,14,-105
0.0,19,-105
0.0,49,-180
0.0,-60,83
0.0,12,97
0.0,-62,150
0.0,-59,78
0.0,-60,17
0.0,-62,-147
0.0,13,-94
0.0,7,-109
0.0,-60,-149
0.0,-71,173
0.0,-68,-75
0.0,-66,-15
0.0,-63,30
0.0,11,-110
0.0,-10,-83
0.0,-58,-3
0.0,-63,-162
0.0,-61,5
0.0,-68,-52
0.0,-66,1
0.0,12,-104
0.0,-67,-32
0.0,14,81
0.0,-69,178
0.0,-63,90
0.0,-9,-94
0.0,-69,158
0.0,-67,-12
0.0,11,-118
0.0,-61,0
0.0,-63,-32
0.0,-62,39
0.0,14,-118
0.0,55,-171
0.0,-62,-48
0.0,-67,-147
0.0,52,-173
0.0,10,-149
0.0,-64,-48
0.0,-9,-81
0.0,-11,-82
0.0,76,-171
0.0,-63,144
0.0,-70,-35
0.0,-68,-33
0.0,-70,-92
0.0,-68,-8
0.0,49,-153
0.0,-63,65
0.0,-64,-154
0.0,-66,-145
0.0,-59,84
0.0,-62,-13
0.0,-63,140
0.0,-69,-7
0.0,57,-173
0.0,70,-177
0.0,-66,-29
0.0,-61,-7
0.0,53,-148
0.0,-68,168
0.0,-67,-149
0.0,54,-167
0.0,63,-166
0.0,-71,-102
0.0,-62,-47
0.0,45,-125
0.0,-73,-110
0.0,-63,83
0.0,-24,-71
0.0,-67,-14
0.0,77,90
0.0,-25,-72
0.0,15,-116
0.0,-62,5
0.0,-65,119
0.0,-72,-117
0.0,23,-111
0.0,56,-79
0.0,-68,-2
0.0,-60,72
0.0,-63,163
0.0,9,-153
0.0,-61,107
0.0,-55,16
0.0,-66,1
0.0,53,-160
0.0,56,-143
0.0,8,119
0.0,-66,-69
0.0,-65,-70
0.0,-59,-29
0.0,-65,13
0.0,-61,4
0.0,-66,54
0.0,11,-106
0.0,-61,-22
0.0,-59,80
0.0,71,-90
0.0,23,-109
0.0,50,-160
0.0,-62,-1
0.0,53,-145
0.0,-66,-20
0.0,-64,29
0.0,-68,-38
0.0,-60,-18
0.0,-64,6
0.0,-65,27
0.0,-64,154
0.0,74,-152
0.0,-58,-9
0.0,52,-146
0.0,-65,36
0.0,-66,115
0.0,56,-78
0.0,-57,14
0.0,15,-118
0.0,-72,-122
0.0,-72,-89
0.0,12,-117
0.0,-72,-78
0.0,58,-148
0.0,-7,-105
0.0,-69,-21
0.0,54,-145
0.0,74,-155
0.0,11,-109
0.0,-67,-48
0.0,-68,80
0.0,-63,-10
0.0,70,-174
0.0,-63,77
0.0,-63,-44
0.0,-64,-43
0.0,-66,39
0.0,-69,-77
0.0,-57,81
0.0,-63,-46
0.0,14,-98
0.0,-65,140
0.0,-69,179
0.0,-72,-143
0.0,-66,12
0.0,10,-112
0.0,-67,-71
0.0,9,-84
0.0,-66,20
0.0,-63,80
0.0,-73,-80
0.0,-61,7
0.0,-66,19
0.0,14,90
0.0,-64,-45
0.0,-60,15
0.0,-62,-46
0.0,-62,-46
0.0,77,93
0.0,51,-164
0.0,13,-99
0.0,-73,-133
0.0,18,88
0.0,6,83
0.0,-66,-23
0.0,14,-121
0.0,-62,4
0.0,14,95
0.0,-64,-39
0.0,-63,12
0.0,-60,-24
0.0,-71,-160
0.0,65,38
0.0,-68,-70
0.0,13,-114
0.0,-62,13
0.0,-62,-20
0.0,-71,-25
0.0,-62,116
0.0,15,-99
0.0,15,89
0.0,8,-152
0.0,51,-170
0.0,14,-121
0.0,-67,-158
0.0,-62,-13
0.0,-62,-34
0.0,52,-157
0.0,12,-113
0.0,9,-88
0.0,-61,-14
0.0,-60,-36
0.0,-70,-176
0.0,11,-147
0.0,-67,9
0.0,-70,-89
0.0,-63,151
0.0,-67,44
0.0,-65,-38
0.0,-62,50
0.0,-67,-175
0.0,-71,-116
0.0,-6,-98
0.0,5,80
0.0,-60,-15
0.0,59,-179
0.0,9,-99
0.0,-71,-175
0.0,-69,-26
0.0,-68,-31
0.0,-61,36
0.0,-66,163
0.0,-61,-29
0.0,-69,-36
0.0,-65,32
0.0,-64,152
0.0,10,-102
0.0,-71,-153
0.0,14,-104
0.0,8,118
0.0,-69,2
0.0,57,-152
0.0,-66,111
0.0,-58,8
0.0,54,-168
0.0,10,-120
0.0,71,-141
0.0,-66,41
0.0,-69,-34
0.0,-64,-30
0.0,-13,-82
0.0,-67,-179
0.0,-65,-52
0.0,50,-161
0.0,-67,79
0.0,-69,-170
0.0,-69,-168
0.0,-18,-74
0.0,-61,-40
0.0,-66,43
0.0,-64,24
0.0,11,-95
0.0,-71,-77
0.0,-69,-168
0.0,55,-151
0.0,-60,81
0.0,-60,-37
0.0,-57,4
0.0,-71,-113
0.0,-59,1
0.0,-55,1
0.0,14,-101
0.0,64,-165
0.0,69,-137
0.0,-72,-104
0.0,-56,20
0.0,-69,-129
0.0,17,-111
0.0,-61,-10
0.0,9,-89
0.0,-58,28
0.0,-71,-85
0.0,57,-145
0.0,16,91
0.0,12,-112
0.0,-63,34
0.0,-64,14
0.0,13,-116
0.0,-61,20
0.0,52,-159
0.0,-71,-41
0.0,13,91
0.0,-64,21
0.0,-65,138
0.0,9,84
0.0,16,59
0.0,60,-179
0.0,-65,54
0.0,-66,156
0.0,-63,-150
0.0,-60,-152
0.0,50,-158
0.0,51,-150
0.0,-61,155
0.0,55,-142
0.0,-65,-16
0.0,-68,0
0.0,-74,-114
0.0,-61,18
0.0,-61,-41
0.0,-61,0
0.0,9,-127
0.0,21,-107
0.0,20,-106
0.0,-71,174
0.0,-67,18
0.0,53,-174
0.0,9,-153
0.0,71,-152
0.0,-67,-5
0.0,-63,-15
0.0,-64,-148
0.0,-64,16
0.0,8,-102
0.0,-69,-115
0.0,21,-113
0.0,-64,69
0.0,55,-180
0.0,-64,-33
0.0,-66,15
0.0,-66,1
0.0,-73,-178
0.0,-62,40
0.0,-62,1
0.0,-66,-32
0.0,-59,15
0.0,-65,117
0.0,-68,-163
0.0,-58,-10
0.0,-64,-21
0.0,-70,2
0.0,-63,-6
0.0,-55,7
0.0,78,-177
0.0,14,-99
0.0,-66,26
0.0,-21,-75
0.0,12,86
0.0,-60,15
0.0,25,-109
0.0,53,-153
0.0,-74,175
0.0,14,-95
0.0,18,92
0.0,9,-149
0.0,-66,-13
0.0,13,-133
0.0,14,90
0.0,50,-163
0.0,76,-157
0.0,-63,-154
0.0,-72,-175
0.0,14,-118
0.0,19,92
0.0,6,81
0.0,-56,5
0.0,-59,-34
0.0,19,-108
0.0,57,-150
0.0,-60,14
0.0,-58,3
0.0,13,-116
0.0,-66,-166
0.0,-63,-15
0.0,-65,-147
0.0,-71,-149
0.0,-64,8
0.0,-59,152
0.0,-64,-154
0.0,14,-93
0.0,-63,-45
0.0,-64,31
0.0,-58,15
0.0,-68,-13
0.0,78,-138
0.0,-67,-6
0.0,-70,-46
0.0,8,-161
0.0,-61,16
0.0,50,-159
0.0,-66,-137
0.0,-65,76
0.0,-65,169
0.0,7,-110
0.0,-66,-36
0.0,13,81
0.0,-68,-27
0.0,-68,24
0.0,6,-115
0.0,-65,-39
0.0,50,-164
0.0,-72,-123
0.0,21,-108
0.0,-61,34
0.0,-67,5
0.0,50,-162
0.0,-69,-22
0.0,17,-115
0.0,-62,-155
0.0,10,-154
0.0,9,85
0.0,13,-113
0.0,-64,145
0.0,-64,166
0.0,-61,75
0.0,-56,0
0.0,-69,-31
0.0,12,-98
0.0,-62,-142
0.0,16,-95
0.0,-62,-148
0.0,-60,15
0.0,13,-99
0.0,12,95
0.0,-58,-36
0.0,-71,-87
0.0,-63,145
0.0,13,-122
0.0,-74,-107
0.0,-61,9
0.0,-65,-3
0.0,-58,8
0.0,-61,86
0.0,55,-151
0.0,-72,-87
0.0,7,82
0.0,-61,-8
0.0,28,-111
0.0,-67,-35
0.0,-67,4
0.0,-68,-1
0.0,12,-88
0.0,21,-106
0.0,-68,-47
0.0,-62,-25
0.0,-64,155
0.0,10,-153
0.0,-67,-9
0.0,-61,77
0.0,-65,-2
0.0,-65,-28
0.0,-67,-1
0.0,6,-81
0.0,-66,169
0.0,-65,141
0.0,55,-152
0.0,-68,179
0.0,-62,13
0.0,12,-107
0.0,-71,171
0.0,48,-159
0.0,-65,-149
0.0,55,-179
0.0,-68,-38
0.0,9,-112
0.0,-64,-19
0.0,-70,-27
0.0,-67,-68
0.0,-67,175
0.0,63,-177
0.0,53,-180
0.0,4,89
0.0,-66,-12
0.0,55,-142
0.0,-66,20
0.0,12,-103
0.0,54,-148
0.0,-67,16
0.0,14,-123
0.0,20,-110
0.0,21,-111
0.0,72,-137
0.0,-64,-2
0.0,-68,-159
0.0,12,-112
0.0,-62,-149
0.0,-61,-43
0.0,-63,125
0.0,10,-101
0.0,50,-159
0.0,-66,-73
0.0,-61,-51
0.0,50,-178
0.0,16,-111
0.0,-68,-37
0.0,-64,-5
0.0,-68,-51
0.0,-63,3
0.0,-70,-29
0.0,-66,173
0.0,-67,-140
0.0,46,-161
0.0,8,-116
0.0,-66,10
0.0,-68,-21
0.0,-64,-33
0.0,-17,-73
0.0,-66,-149
0.0,-63,112
0.0,-68,-79
0.0,53,-152
0.0,49,-177
0.0,14,-110
0.0,-61,-8
0.0,-68,-29
0.0,-61,-26
0.0,-69,-74
0.0,-67,-146
0.0,52,-166
0.0,-65,158
0.0,-65,117
0.0,7,-105
0.0,-62,-28
0.0,-66,-134
0.0,-64,-34
0.0,-60,9
0.0,-65,163
0.0,63,-176
0.0,-67,3
0.0,74,-177
0.0,-67,173
0.0,-59,-9
0.0,19,-110
0.0,-66,-6
0.0,54,-180
0.0,16,-112
0.0,57,-84
0.0,23,-107
0.0,-61,58
0.0,-28,-73
0.0,13,-122
0.0,68,-173
0.0,52,-171
0.0,-66,-34
0.0,55,-151
0.0,-65,-75
0.0,11,-107
0.0,-56,15
0.0,-65,69
0.0,-59,-28
0.0,66,37
0.0,59,-178
0.0,-68,-147
0.0,11,-142
0.0,-72,-126
0.0,-67,70
0.0,-62,-29
0.0,14,-118
0.0,11,97
0.0,18,88
0.0,69,-99
0.0,-60,11
0.0,12,-116
0.0,-67,-38
0.0,-61,119
0.0,12,-102
0.0,10,-140
0.0,-73,-107
0.0,14,-93
0.0,-74,-106
0.0,71,-147
0.0,12,-119
0.0,-71,-83
0.0,-67,-69
0.0,10,-129
0.0,52,-146
0.0,13,-102
0.0,-54,24
0.0,-61,-17
0.0,55,-176
0.0,-74,-114
0.0,-65,11
0.0,54,-166
0.0,-64,56
0.0,-68,-11
0.0,-72,-114
0.0,53,-176
0.0,-71,-153
0.0,74,-155
0.0,-66,-5
0.0,-67,-13
0.0,75,-175
0.0,-8,-87
0.0,9,-122
0.0,-69,-128
0.0,13,-107
0.0,-63,148
0.0,10,-145
0.0,10,-113
0.0,-67,63
0.0,73,-165
0.0,8,-138
0.0,52,-151
0.0,-62,-25
0.0,-64,-16
0.0,70,-117
0.0,-61,-20
0.0,9,-153
0.0,-68,-52
0.0,-61,-6
0.0,-72,-76
0.0,-63,49
0.0,-34,-75
0.0,-58,6
0.0,20,92
0.0,-67,7
0.0,55,-179
0.0,8,-155
0.0,-8,-97
0.0,12,93
0.0,56,-154
0.0,-67,-127
0.0,70,-165
0.0,52,-157
0.0,16,-112
0.0,-67,-140
0.0,6,84
0.0,-58,82
0.0,-66,-28
0.0,-17,-75
0.0,-63,25
0.0,53,-155
0.0,13,-121
0.0,-8,-100
0.0,50,-178
0.0,-67,11
0.0,-69,-16
0.0,-60,-1
0.0,-62,-1
0.0,17,-104
0.0,-64,155
0.0,9,-96
0.0,54,-175
0.0,5,87
0.0,-65,8
0.0,-60,9
0.0,-59,-3
0.0,-59,-10
